Code,Name,Latitude,Longitude,Acres,att_2011,att_2012,att_2013,att_2014,att_2015,att_2016,att_2017,att_2018,att_2019,att_2020,att_Average
ABLI,Abraham Lincoln Birthplace National Historical Park,37.535671,-85.7340637,383.65635279605266,163568,169515,163928,241264,148605,252495,269580,260964,238226,228141,213629
ACAD,Acadia National Park,44.3385559,-68.2733346,48206.896539199646,2374645,2431052,2254922,2563129,2811184,3303393,3509271,3537575,3437286,2669034,2889149
ADAM,Adams National Historical Park,42.256412,-71.011167,17.684178316885966,219975,336031,285501,178468,183632,199301,255562,121007,187400,6937,197381
AFBG,African Burial Ground National Monument,40.7150514,-74.0053687,0.42547080592105263,108585,77624,93234,54861,56348,46526,43182,45035,47427,7908,58073
AGFO,Agate Fossil Beds National Monument,42.421703,-103.75388,3969.832341694088,11617,11824,10504,12440,13264,15555,32038,16238,16657,8722,14886
ALKA,Ala Kahakai National Historic Trail,19.689206,-156.021329,,0,0,0,0,0,0,0,0,0,0,0
ALAG,Alagnak Wild River,58.756222,-156.51724,82711.3815926535,0,0,0,0,0,0,0,0,0,0,0
ALFL,Alibates Flint Quarries National Monument,35.575045,-101.683787,1476.187420504386,3214,3383,1555,4513,9492,8153,6613,7415,8847,4269,5745
ALPO,Allegheny Portage Railroad National Historic Site,40.4692629,-78.5437922,1607.9493688322368,118410,138864,107977,172883,168433,189371,201837,189047,189189,136029,161204
AMME,American Memorial Park,15.21226,145.724335,107.25587273848684,0,0,0,0,0,0,0,0,0,0,0
AMIS,Amistad National Recreation Area,29.4216948,-100.9068262,58065.981028645794,1436759,1367502,1025151,1130096,1250051,1164530,1221635,1111770,1267900,1424139,1239953
ANDE,Andersonville National Historic Site,32.197776,-84.129294,518.1187410910088,108812,122883,98771,127189,136686,134216,132149,138164,103635,63799,116630
ANJO,Andrew Johnson National Historic Site,36.117189,-82.856625,17.99253015350877,52322,51261,42929,42863,45357,45937,53998,50671,51189,46092,48262
ANIA,Aniakchak National Monument,58.756222,-156.51724,326021.30975465965,57,19,134,134,153,100,100,100,100,36,93
ANTI,Antietam National Battlefield,39.4798039,-77.7394856,3875.954728618421,384987,510921,370832,337079,347180,351911,366508,326197,287343,85884,336884
APIS,Apostle Islands National Lakeshore,46.8122706,-90.8209629,110887.8451260965,176040,163419,148556,290059,232662,183796,203421,252920,240613,219009,211050
APPA,Appalachian National Scenic Trail,39.27954,-77.785195,390775.7561465193,0,0,0,0,0,0,0,0,0,0,0
APCO,Appomattox Court House National Historical Park,37.3775,-78.796,2003.4924821820175,258917,320668,317660,278776,412640,303139,113960,103044,102397,57513,226871
ARCH,Arches National Park,38.733081,-109.5925139,89312.46439761508,1040758,1070577,1082866,1284767,1399247,1585718,1539028,1663557,1659702,1238083,1356430
ARPO,Arkansas Post National Memorial,34.0166096,-91.3451369,790.4997765899122,37127,39703,36420,30860,38702,34405,36079,30126,28519,29653,34159
ARHO,"Arlington House, The Robert E. Lee Memorial",38.882153,-77.073524,20.105474917763157,576816,562772,586531,671638,532050,1057500,726059,49500,0,0,476287
ASIS,Assateague Island National Seashore,38.249822,-75.1559737,49048.428855537364,2105419,2154859,2056828,2170681,2275606,2267821,2347167,2136889,2344536,2481660,2234147
AZRU,Aztec Ruins National Monument,36.8346019,-107.9960917,351.6507264254386,41106,44744,41312,44721,53165,57692,52756,54933,63777,30223,48443
BADL,Badlands National Park,43.716892,-101.892914,329663.26525219297,870741,883406,892372,868094,989354,996263,1054325,1008942,970998,916932,945143
BAND,Bandelier National Monument,35.7772999,-106.2687907,36412.41572368421,193914,150289,126682,130106,174073,198478,209141,198441,200741,94948,167681
BEPA,Belmont-Paul Women's Equality National Monument,38.891944,-77.003611,0.40464295504385966,0,0,0,0,0,2704,10893,9081,9913,2535,7025
BEOL,Bent's Old Fort National Historic Site,38.0451225,-103.4336602,950.9728515625,26842,25815,23324,24555,26219,31948,26397,23562,21674,12438,24277
BELA,Bering Land Bridge National Preserve,66.0740832,-164.9347562,11859190.30002742,1890,2642,2642,2636,2642,2642,2642,2642,2642,2642,2566
BIBE,Big Bend National Park,29.2166538,-103.2663479,759630.4836848965,361862,292055,316953,314102,381747,388290,440276,440091,463832,393907,379312
BICY,Big Cypress National Preserve,25.898814,-81.318701,641997.403437158,941393,882570,1007788,1192856,1112290,1102148,922883,794350,1007471,1181930,1014568
BIHO,Big Hole National Battlefield,45.6375,-113.643611,1419.6828029057017,36290,35207,38092,36987,39549,41795,36717,56943,45861,36234,40368
BISO,Big South Fork National River and Recreation Area,36.4701139,-84.6411206,134935.6926165023,606579,600161,565063,599906,643135,684715,761200,760906,750494,772625,674478
BITH,Big Thicket National Preserve,30.404128,-94.415751,108381.02883703403,137722,135262,120108,109956,125832,192809,170649,221514,255926,309053,177883
BICA,Bighorn Canyon National Recreation Area,45.312493,-107.935565,170930.03493558124,201010,245831,241527,224083,245173,259485,231836,235570,249659,212295,234647
BICR,Birmingham Civil Rights National Monument,33.515278,-86.814722,0.9018571820175438,0,0,0,0,0,0,0,0,0,0,0
BISC,Biscayne National Park,25.4631936,-80.3463139,152116.46621676264,476077,495613,486848,525745,508164,514709,446961,469253,708522,402770,503466
BLCA,Black Canyon of the Gunnison National Park,38.4657461,-107.16668,36332.33468338824,168336,192570,175852,183045,209166,238018,307143,308962,432818,341620,255753
BLRI,Blue Ridge Parkway,35.564766,-82.489803,112145.55933388158,15382447,15205059,12877368,13941749,15054603,15175578,16093765,14690418,14976085,14099485,14749656
BLUE,Bluestone National Scenic River,37.541667,-80.999167,4886.149945175439,41670,36842,36266,38450,36733,34139,32028,31316,37663,25207,35031
BOWA,Booker T. Washington National Monument,37.123333,-79.765833,272.8825418037281,24030,24361,22103,26127,27205,23440,25479,22732,24640,22482,24260
BOAF,Boston African American National Historic Site,42.36,-71.064722,0.7651391173245614,379906,404248,386084,408641,412377,414170,413151,410893,419585,89616,373867
BOHA,Boston Harbor Islands National Recreation Area,42.3552589,-71.050518,2072.276291118421,0,0,0,0,0,0,0,0,0,71991,71991
BOST,Boston National Historical Park,42.3747172,-71.0540366,57.13827439692982,2546156,2629064,2245875,2476078,2262841,2594495,3425606,3053241,3201834,277170,2471236
BRCR,Brices Cross Roads National Battlefield Site,34.307545,-88.720974,1.0403782894736842,0,0,0,0,0,0,0,0,0,0,0
BRVB,Brown v. Board of Education National Historic Site,39.037925,-95.676498,2.413006441885965,16886,21101,19356,26868,25338,27968,25204,24083,21413,4064,21228
BRCA,Bryce Canyon National Park,37.5965706,-112.1787896,40755.363327165614,1296000,1385352,1311875,1435741,1745804,2365110,2571684,2679478,2594904,1464655,1885060
BUIS,Buck Island Reef National Monument,17.786939999999998,-64.61916,14953.842352316333,28223,30436,28972,34400,41936,38929,33082,31411,37085,16032,32051
BUFF,Buffalo National River,36.2331995,-93.1060044,101787.81225328948,1169802,1093083,1125227,1357057,1463304,1785359,1471330,1240119,1326282,1478846,1351041
CABR,Cabrillo National Monument,32.674287,-117.23963,160.77553385416667,813351,877951,856128,893434,981825,959145,997903,842104,761485,523878,850720
CANE,Camp Nelson National Monument,37.787778,-84.598056,527.7073608826754,0,0,0,0,0,0,0,0,0,0,0
CANA,Canaveral National Seashore,28.613144,-80.8075783,54230.33861156807,1005001,994430,1133688,1451225,1689754,1629944,1598586,1657855,1884122,1162950,1420756
CARI,Cane River Creole National Historical Park,31.7398039,-93.0835779,202.33174067982455,26996,28310,25556,28981,30882,26863,30117,26879,29922,17430,27194
CACH,Canyon de Chelly National Monument,36.154448,-109.552607,96251.49318050983,828145,828523,828478,827761,813686,821406,825660,439306,460757,76752,675047
CANY,Canyonlands National Park,38.5398057,-109.5061713,385349.23814213334,473773,452952,462242,542431,634607,776218,742271,739449,733996,493914,605185
CACO,Cape Cod National Seashore,41.837222,-69.972778,56867.95829495614,4454771,4441290,4501898,4426750,4503220,4692796,4125418,3926462,4096104,4083505,4325221
CAHA,Cape Hatteras National Seashore,35.938547,-75.712322,33398.09695929281,1960711,2302040,2214565,2153350,2274635,2411711,2433703,2591056,2606632,2648522,2359693
CAKR,Cape Krusenstern National Monument,67.45055,-163.5490191,3110989.8167982455,8668,24950,18225,0,0,15000,15000,15087,16226,11369,12453
CALO,Cape Lookout National Seashore,34.6881785,-76.526505,30009.90375959438,508116,480294,416568,430927,400413,458000,399357,408399,455526,488331,444593
CARE,Capitol Reef National Park,38.291308,-111.262257,281704.9756928456,668834,673345,663670,786514,941029,1064904,1150165,1227627,1226519,981038,938365
CAJO,Captain John Smith National Historic Trail,38.971705,-76.483576,297.00287554824564,0,0,0,0,0,0,0,0,0,0,0
CAVO,Capulin Volcano National Monument,36.7810744,-103.9695127,876.6919380482456,46358,48710,48466,50892,55506,60132,59615,67411,81617,63335,58204
CARL,Carl Sandburg Home National Historic Site,35.273142,-82.453088,287.7448629385965,89721,93429,81710,82377,72606,80696,72777,72047,78144,42672,76618
CAVE,Carlsbad Caverns National Park,32.386916,-104.221362,46476.19964843754,365000,381058,388566,397309,445720,466773,520026,465912,440691,183835,405489
CAWO,Carter G. Woodson National Historic Site,38.91,-77.024167,0.22333950109649123,0,0,0,0,0,0,1884,1954,2381,548,1692
CAGR,Casa Grande Ruins National Monument,32.995425,-111.5354502,478.9621450109649,72308,68631,65106,63698,72606,75752,75583,62995,68379,44269,66933
CASA,Castillo de San Marcos National Monument,29.897989,-81.312123,18.999940720942984,741042,727243,778128,760708,819154,854664,876975,748058,673395,251061,723043
CACL,Castle Clinton National Monument,40.7035011,-74.0168506,1.5769798519736842,3985366,3264439,2180694,4727110,4597029,4812930,4737113,4533564,4361034,633793,3783307
CAMO,Castle Mountains National Monument,35.25,-115.11,22290.79521381579,0,0,0,0,0,0,0,0,0,0,0
CATO,Catoctin Mountain Park,39.633853,-77.448206,6883.548715734649,264460,263797,175213,188170,229301,221750,236243,299860,296846,539983,271562
CEBR,Cedar Breaks National Monument,37.6845859,-113.0965036,6946.062249862948,493147,631809,466450,762907,793601,899676,909199,644515,579861,845867,702703
CEBE,Cedar Creek and Belle Grove National Historical Park,39.1675,-78.300833,4084.7072875548247,0,0,0,0,0,0,0,0,0,0,0
CECH,Cesar E. Chavez National Monument,35.2273,-118.5614,125.3780311129386,0,0,8157,8854,10648,17216,15472,12769,16490,5668,11909
CHCU,Chaco Culture National Historical Park,36.0638,-107.9708,37403.67208744526,39175,39044,29917,38386,38914,54084,55334,57781,47342,8231,40821
CHAM,Chamizal National Memorial,31.7680934,-106.4583047,53.75731907894737,113817,104148,121937,108399,122431,147937,86400,66479,38228,19180,92896
CHIS,Channel Islands National Park,34.245852,-119.2664691,254353.0274506579,242756,249594,212029,342161,324816,364807,383687,366250,409630,167290,306302
CHPI,Charles Pinckney National Historic Site,32.758321,-79.856317,28.481197916666666,45254,44314,47309,53486,46995,53184,53744,34354,35495,23723,43786
CHYO,Charles Young Buffalo Soldiers National Monument,39.707252000000004,-83.890227,72.40143914473684,0,0,0,0,3993,10211,12405,31448,14106,2461,12437
CHAT,Chattahoochee River National Recreation Area,33.9968515,-84.3338522,12302.262915981368,3161297,3168137,3039892,3119160,3173204,2736385,2768499,2873866,3393133,3066877,3050045
CHOH,Chesapeake and Ohio Canal National Historical Park,39.6105435,-77.6881048,24793.13278371719,3937504,4712377,4941367,5066219,4798312,4813078,4859573,4438818,5116787,4888436,4757247
CHCH,Chickamauga and Chattanooga National Military Park,34.942377,-85.259056,10428.805816200667,1036699,1032844,905984,996694,1002373,1027738,994537,945962,977158,678414,959840
CHIC,Chickasaw National Recreation Area,34.5089397,-96.969625,10336.702156661193,1212139,1487039,1099669,1152083,1254105,1676421,1533684,1477906,1422612,1348122,1366378
CHIR,Chiricahua National Monument,32.007788,-109.361298,12086.97414747807,37037,41159,40646,45125,56960,51277,63132,60577,60655,44794,50136
CHRI,Christiansted National Historic Site,17.746944,-64.702222,20.469737013432105,119335,126962,118638,109159,116817,115446,96779,107494,103594,23816,103804
CIRO,City of Rocks National Reserve,42.0774026,-113.7037797,18743.6213712993,95764,98996,94906,94825,105289,107865,130276,142250,99311,110203,107969
CLBA,Clara Barton National Historic Site,38.967151,-77.1403459,9.7925,15620,25347,22737,20028,2823,0,0,425,4100,450,9153
COLO,Colonial National Historical Park,37.218889000000004,-76.5175,9546.486959292772,3414577,3274187,3168731,3335060,3343909,3352656,3333448,3294224,3327268,2946594,3279065
COLM,Colorado National Monument,39.0556092,-108.7007007,24105.867550712803,435460,454510,409351,416862,588006,391075,375035,375467,397032,435625,427842
CONG,Congaree National Park,33.783333,-80.783333,27216.148844572454,120166,109685,120340,120122,87513,143843,159595,145929,159445,119306,128594
COGA,Constitution Gardens,38.890833,-77.044444,50.108016721491225,0,0,0,0,0,0,0,0,0,0,0
CORO,Coronado National Memorial,31.3458659,-110.253776,4698.132681606368,153042,97579,92936,118838,132584,136075,131614,103218,130328,156199,125241
COWP,Cowpens National Battlefield,35.073993,-81.8740202,900.3253200383772,223923,231973,216239,200836,206740,213299,212692,189410,223413,226903,214543
CRLA,Crater Lake National Park,42.962058,-122.148106,241969.12323327898,423551,447251,523027,535508,614712,756344,711749,720659,704512,670500,610781
CRMO,Craters of the Moon National Monument,43.41665,-113.5166497,71836.28096628298,198545,197529,200525,214993,246826,255436,285227,263506,272224,250872,238568
CRMP,Craters of the Moon National Preserve,43.46167,-113.56271,932809.7352494526,0,0,0,0,0,0,0,0,0,0,0
CUGA,Cumberland Gap National Historical Park,36.602419,-83.692026,26874.034860197367,828947,853998,768363,879934,840601,820387,737547,684191,704598,735447,785401
CUIS,Cumberland Island National Seashore,30.7206567,-81.5502296,37078.297452371226,74279,61493,51435,61401,59859,61896,51937,55650,53904,37295,56915
CURE,Curecanti National Recreation Area,38.4657461,-107.16668,47978.16777617877,924468,862612,814163,931367,944742,982498,1041446,931512,836034,921584,919043
CUVA,Cuyahoga Valley National Park,41.2824455,-81.5706109,41145.21847108,2161185,2299722,2103010,2189849,2284612,2423390,2226879,2096053,2237997,2755628,2277833
DAAV,Dayton Aviation Heritage National Historical Park,39.794722,-84.088889,136.83442639802632,68048,65999,59274,57565,73588,95334,99700,93541,94709,39851,74761
DESO,De Soto National Memorial,27.371266,-82.580364,27.482618215460526,355653,432981,279924,342039,293647,232463,233354,210993,187880,196114,276505
DEVA,Death Valley National Park,36.5053891,-117.0794082,3779690.349089228,946867,984568,951972,1101312,1154843,1296283,1294827,1678660,1740945,820023,1197030
DEWA,Delaware Water Gap National Recreation Area,41.121115,-74.898707,86356.81248081141,4986700,4970802,4843350,4041672,3735134,3677744,3400944,3261921,3374865,4068529,4036166
DENA,Denali National Park,63.7296854,-148.766697,16473792.11181744,406582,388433,530922,531315,560757,587412,642809,594660,601152,54850,489889
DEPO,Devils Postpile National Monument,37.6146273,-119.0852642,906.1214925986842,97207,87845,91794,114414,140313,135404,109571,139724,147864,108590,117273
DETO,Devils Tower National Monument,44.588333,-104.698333,1890.2318249725965,395203,416994,417326,440875,478833,496210,499031,468216,450785,423997,448747
DINO,Dinosaur National Monument,40.5191016,-108.9264524,259854.45772957717,213559,302858,274361,250625,291799,304312,315859,304468,298965,264145,282095
DRTO,Dry Tortugas National Park,24.56,-81.81,56610.89832305368,75171,60550,58401,64865,70862,73661,54281,56810,79200,48543,64234
DDEM,Dwight D. Eisenhower Memorial,38.887182,-77.018771,3.9220305646929825,0,0,0,0,0,0,0,0,0,187328,187328
EBLA,Ebey's Landing National Historical Reserve,48.218333,-122.683611,28831.21616502193,0,0,0,0,0,0,0,0,0,0,0
EDAL,Edgar Allan Poe National Historic Site,39.9480134,-75.1461357,0.6321450109649123,14711,19104,5884,13701,13862,14827,14878,16314,15527,2418,13123
EFMO,Effigy Mounds National Monument,43.139283,-91.245468,3325.265546189702,82581,78540,71074,77812,81901,77195,67006,55576,65581,18225,67549
EISE,Eisenhower National Historic Site,39.8122032,-77.2215251,834.5456496710526,58022,53286,59179,58240,54377,55550,50597,42036,47277,7926,48649
ELMA,El Malpais National Monument,35.1610428,-107.8410667,120112.40441132123,105356,114678,137904,164063,174433,157440,161526,154368,158924,139336,146803
ELMO,El Morro National Monument,35.043518,-108.34627,1357.5461184210526,48332,44808,40051,46256,49390,59422,59013,65453,68867,36328,51792
ELRO,Eleanor Roosevelt National Historic Site,41.77043,-73.932905,226.56812225877192,50074,55049,43686,60456,64791,63480,67621,54649,47630,9575,51701
EUON,Eugene O'Neill National Historic Site,37.800695,-121.981435,15.041338404605263,2593,2789,2929,3202,3942,4287,3931,3432,2944,14423,4447
EVER,Everglades National Park,25.395755,-80.58345249999999,1337870.7053546456,934351,1141906,1047116,1110901,1077427,930907,1018557,597124,1118300,702319,967891
FEHA,Federal Hall National Memorial,40.7073139,-74.010262,0.6567070997807017,187109,167146,148647,137538,172038,314531,325497,230634,264849,13822,196181
FIIS,Fire Island National Seashore,40.7552554,-73.0168646,24364.392747395792,519173,483334,294219,384343,441899,431303,456392,305710,391311,250449,395813
FILA,First Ladies National Historic Site,40.797611,-81.375456,0.5631839364035087,8254,9903,10068,15326,12897,13378,13085,11447,10913,2406,10768
FRST,First State National Historical Park,39.664722,-75.565278,1391.9879406524124,0,0,0,0,0,0,0,0,0,0,0
FLNI,Flight 93 National Memorial,40.017274,-78.909198,2747.511437088825,265246,317926,265924,284226,337217,385123,364082,381448,411226,244364,325678
FLFO,Florissant Fossil Beds National Monument,38.900586,-105.336536,7364.116675575667,61289,62637,58032,63297,69130,73564,71763,79568,77340,61081,67770
FOTH,Ford's Theatre National Historic Site,38.896667,-77.025833,0.35280016447368423,642786,701542,665876,655441,681537,650779,744266,533410,572373,56058,590407
FOBO,Fort Bowie National Historic Site,32.1514176,-109.4526832,991.2979879385965,8429,7966,8082,6964,7760,8013,8491,8401,7577,6456,7814
FOCA,Fort Caroline National Memorial,30.3793742,-81.5029008,134.20785670230262,326149,327339,307086,187843,224418,232082,243960,203276,187658,404476,264429
FODA,Fort Davis National Historic Site,30.6017944,-103.8955494,497.65160224780703,35130,38136,43277,49842,55955,61823,60910,49532,51995,35920,48252
FODO,Fort Donelson National Battlefield,36.4848862,-87.8574308,1432.1118057839913,257389,284762,247734,262317,260744,259343,208816,168986,254431,325496,253002
FOFR,Fort Frederica National Monument,31.223111,-81.389279,275.0184590871719,293041,262235,217580,228103,202191,192906,188089,183591,212330,210892,219096
FOLA,Fort Laramie National Historic Site,42.209167,-104.535861,1161.8047957785088,52916,55199,54057,49038,51616,57444,61513,52414,42892,26066,50316
FOLS,Fort Larned National Historic Site,38.189289,-99.19959,811.4743564967105,26704,33194,27432,24607,32170,31060,29188,29173,26958,21895,28238
FOMA,Fort Matanzas National Monument,29.716366,-81.234059,258.6702898848684,570695,497574,523694,568529,622175,557810,578981,608103,593788,543590,566494
FOMC,Fort McHenry National Monument and Historic Shrine,39.263056,-76.58,55.41025150767544,641254,744076,678431,769300,617890,610987,591861,486113,419545,163224,572268
FOMR,Fort Monroe National Monument,37.003611,-76.3075,410.81665021929825,0,0,0,0,0,0,0,0,0,0,0
FONE,Fort Necessity National Battlefield,39.819078,-79.587852,1103.5556339089912,193479,187893,165159,219546,280705,290021,294145,280970,312104,199801,242382
FOPO,Fort Point National Historic Site,37.767098,-122.465741,28.561566611842107,1338508,1502786,1591312,1677457,1610466,2264154,1532541,1400491,1421349,884538,1522360
FOPU,Fort Pulaski National Monument,32.018264,-80.990196,5366.61315481086,408104,385751,374408,387010,382945,344921,360591,419930,374290,357970,379592
FORA,Fort Raleigh National Historic Site,35.938547,-75.712322,538.0009032346492,282134,281833,263598,264987,289885,292367,274981,261198,248139,153519,261264
FOSC,Fort Scott National Historic Site,37.842788,-94.705509,23.330045230263156,26219,25034,25773,25966,25531,29291,28948,26482,24068,14652,25196
FOSM,Fort Smith National Historic Site,35.387619,-94.4290819,76.06114651864036,86122,87386,69584,88790,111469,163636,141914,136568,125500,67574,107854
FOST,Fort Stanwix National Monument,43.2119731,-75.4547454,22.37737184758772,102874,195057,129089,60819,86678,94006,106936,90507,97412,24134,98751
FOSU,Fort Sumter and Fort Moultrie National Historical Park,32.758321,-79.856317,233.80358792489122,857883,842027,815007,828521,840711,888330,896569,859880,877894,365133,807196
FOUN,Fort Union National Monument,35.846872,-105.018118,781.5526596765351,9575,9215,8965,10934,11726,11953,11676,10860,11063,5334,10130
FOUS,Fort Union Trading Post National Historic Site,48.00016,-104.041483,702.9140899122807,12236,12677,12908,11521,13605,17502,13329,13551,12967,5225,12552
FOVA,Fort Vancouver National Historic Site,45.6252599,-122.6543063,302.33419407894735,710439,681404,733540,803740,818672,1092031,1081489,1098553,1018214,670111,870819
FOWA,Fort Washington Park,38.71312,-77.025503,401.7909847861842,409381,368824,443918,466078,337433,560358,317470,316052,423868,160289,380367
FOBU,Fossil Butte National Monument,41.864444,-110.775833,10652.949104303738,16552,17084,17662,16623,19293,20737,21978,21349,20554,13176,18501
FRDE,Franklin Delano Roosevelt Memorial,38.883889,-77.044444,9.548826069078947,2309708,2764459,2837729,2938239,3290080,4360502,3507402,3288299,3303573,1010986,2961098
FRDO,Frederick Douglass National Historic Site,38.863333000000004,-76.985278,9.849660087719299,46694,53314,47625,45492,53873,67387,76569,70869,61063,10969,53386
FRLA,Frederick Law Olmsted National Historic Site,42.3254655,-71.1320319,9.076711896929824,4022,8668,6570,8667,9473,8935,11388,9854,7791,2570,7794
FRSP,Fredericksburg and Spotsylvania County Battlefields Memorial National Military Park,38.308756,-77.455278,10692.201557017544,908836,982324,880251,873328,891917,969895,919311,926464,906800,838835,909796
FRRI,Freedom Riders National Monument,33.635,-85.908333,8.20722382127193,0,0,0,0,0,0,0,0,0,0,0
FRHI,Friendship Hill National Historic Site,39.819078,-79.587852,812.5844174890351,30039,34289,34372,34317,34687,37847,39377,41678,34159,19462,34023
GAAR,Gates of the Arctic National Park,67.251868,-150.184189,37249925.53830596,11623,10899,11012,12669,10745,10047,11177,9591,10518,2872,10115
JEFF,Gateway Arch National Park,38.624901,-90.186317,226.4901987390351,2259020,2496726,2377258,1817091,1698656,1271855,1398188,2016180,2055309,486021,1787630
GATE,Gateway National Recreation Area,40.6035923,-74.0588092,33453.57741296597,7697727,5043863,6191246,6021713,6392565,8651770,9190610,9243305,9405622,8404728,7624315
GARI,Gauley River National Recreation Area,38.22,-80.89,12861.774694353071,109780,115283,135309,117354,105374,115888,118733,97778,119282,109378,114416
GEGR,General Grant National Memorial,40.812908,-73.962923,0.8990727796052631,104769,92418,83440,100622,95526,109151,97005,73336,113852,24475,89459
GERO,George Rogers Clark National Historical Park,38.6778773,-87.5353188,28.41745614035088,145596,125972,128531,125218,135856,126095,117268,121187,140130,56108,122196
GEWA,George Washington Birthplace National Monument,38.185556,-76.916389,757.3498492324561,130647,134824,131683,131984,130952,129750,122457,111058,139666,41970,120499
GWCA,George Washington Carver National Monument,36.9859501,-94.3510047,268.43734923245614,30787,30425,33061,41535,37745,46397,46466,44411,49553,26569,38695
GWMP,George Washington Memorial Parkway,,,7813.337078536193,7417397,7425577,7360392,7472150,7286463,10323339,7562793,7288623,7487265,6237361,7586136
GETT,Gettysburg National Military Park,39.8122032,-77.2215251,7310.66412212172,1124659,1126577,1213349,1020702,1080185,1091320,1038649,949989,925117,536553,1010710
GICL,Gila Cliff Dwellings National Monument,32.77,-108.279999,615.852893366228,25317,28637,27825,31135,36518,41519,78872,79108,66614,31645,44719
GLBA,Glacier Bay National Park,58.8318772,-136.9987946,8506778.979280422,431986,454337,500590,500727,551353,520171,547057,597915,672087,5748,478197
GLAC,Glacier National Park,48.8046506,-114.1625084,1640626.5521203405,1853564,2162035,2190374,2338528,2366056,2946681,3305512,2965309,3049839,1698864,2487676
GLCA,Glen Canyon National Recreation Area,37.3583836,-110.8076084,1413514.2843818525,2270817,2061328,1991924,2368452,2495093,3239525,4574940,4219441,4330563,2553392,3010548
GOGA,Golden Gate National Recreation Area,37.8439986,-122.5259596,93882.88687705598,14567487,14540338,14289121,15004420,14888537,15638777,14981897,15223697,15002227,12400045,14653655
GOSP,Golden Spike National Historical Park,41.6316468,-112.4947092,3394.532390350877,43933,42551,40704,44125,59147,60027,67811,60130,108154,53106,57969
GOIS,Governors Island National Monument,40.7012349,-74.0116813,28.166995614035088,402174,348249,355553,698227,438613,522859,625653,589798,590993,102915,467503
GRCA,Grand Canyon National Park,36.3551644,-112.6612088,1313657.4401973684,4298178,4421352,4564840,4756771,5520736,5969811,6254238,6380495,5974411,2897098,5103793
GRPO,Grand Portage National Monument,47.95819,-89.6895741,1122.0769243421053,97440,93156,88598,88877,91751,95862,96051,94137,94985,66426,90728
GRTE,Grand Teton National Park,43.729398,-110.709055,422894.15413925436,2587437,2705256,2688794,2791392,3149921,3270076,3317000,3491151,3405614,3289638,3069628
GRKO,Grant-Kohrs Ranch National Historic Site,46.407891,-112.735579,2352.633241502193,20293,17095,18848,20565,22139,23176,24072,26676,25043,15328,21324
GRBA,Great Basin National Park,38.9295007,-114.2628251,90508.95366022472,91451,94850,92893,107526,116123,144846,168028,153094,131802,120248,122086
GRSA,Great Sand Dunes National Park,37.7275919,-105.6412527,122464.35957031246,280058,254674,242841,271774,299513,388308,486935,442905,527546,461532,365609
GRSM,Great Smoky Mountains National Park,35.691031,-83.536198,557561.9889830053,9008830,9685829,9354695,10099276,10712674,11312786,11338893,11421200,12547743,12095720,10757765
GREE,Greenbelt Park,38.995757,-76.895521,1352.1129057017545,190427,145552,142742,132688,135260,137900,141856,85260,128702,28319,126871
GUMO,Guadalupe Mountains National Park,31.903912,-104.868813,86218.84175918317,152546,159360,145670,166868,169535,181839,225257,172347,188833,151256,171351
GUCO,Guilford Courthouse National Military Park,36.1312015,-79.8488024,247.39306058114036,346617,313374,541581,173261,222602,321796,348991,236016,223900,186020,291416
GUIS,Gulf Islands National Seashore,30.393904,-87.0388,124615.01425986842,5501872,4973462,4837965,4455240,3976883,4771309,3952941,4229968,5600240,4012129,4631201
HAFO,Hagerman Fossil Beds National Monument,42.7816632,-114.9521998,5777.994186540579,21100,23936,21008,22482,24695,25982,31122,26477,23768,14113,23468
HALE,Haleakala National Park,20.856944,-156.313056,27426.49689487386,956989,1094668,785300,1142040,1216772,1263558,1112390,1044084,994394,319147,992934
HAGR,Hamilton Grange National Memorial,40.7073139,-74.010262,2.1755071271929824,7817,16358,20429,20943,35446,85348,85603,66216,71247,23015,43242
HAMP,Hampton National Historic Site,39.41789,-76.590414,73.86024054276315,32165,37529,32262,32498,34685,34942,32327,29615,28234,8728,30299
HAFE,Harpers Ferry National Historical Park,39.325379,-77.738882,4420.971393914474,255348,263105,255714,261202,282893,335691,342535,265737,299577,234473,279628
HATU,Harriet Tubman Underground Railroad National Historical Park,38.4483,-76.1387,29616.57092859105,0,0,0,0,0,0,0,0,0,0,0
HSTR,Harry S Truman National Historic Site,39.0936,-94.415252,14.638991228070175,28924,31316,28977,29364,32825,34616,45435,32878,30746,9446,30453
HAVO,Hawai'i Volcanoes National Park,19.299004,-155.3569573,288237.29575315263,1352123,1483928,1583209,1693005,1832660,1887580,2016702,1116891,1368376,589775,1492425
HEHO,Herbert Hoover National Historic Site,41.671985,-91.346589,238.1393948739035,134249,128812,128919,139086,127154,152382,144619,138087,125688,56270,127527
PIMA,Hohokam Pima National Monument,33.1889835,-111.9224398,1715.7647978344298,0,0,0,0,0,0,0,0,0,0,0
HOFR,Home of Franklin D. Roosevelt National Historic Site,41.77043,-73.932905,1147.8494366776315,125488,135746,147218,179340,180405,193272,185743,154000,147109,40091,148841
HOME,Homestead National Monument,40.2917267,-96.8348525,261.74197779605265,69845,103708,67396,69156,78739,87755,123400,68091,61636,40897,77062
HONO,Honouliuli National Historic Site,21.391667,-158.059722,127.69783785635966,0,0,0,0,0,0,0,0,0,0,0
HOCU,Hopewell Culture National Historical Park,39.3738532,-83.0073082,2125.667937911193,33834,39462,32206,36432,43587,58058,62413,57335,60338,35710,45938
HOFU,Hopewell Furnace National Historic Site,40.2081934,-75.7735281,1034.2160080866229,44873,52870,46138,48105,51252,54167,49306,46407,49861,34288,47727
HOBE,Horseshoe Bend National Military Park,33.015464,-85.687928,2103.348824698474,65892,58668,55965,64359,89282,83370,74255,48491,45372,28600,61425
HOSP,Hot Springs National Park,34.5116392,-93.0539835,5721.539352384877,1396354,1302505,1325719,1424484,1418162,1544300,1561616,1506887,1467153,1348215,1429540
HOVE,Hovenweep National Monument,37.548179,-108.548955,911.4542064144737,25858,26710,24959,26808,35117,42862,39970,40574,35399,19856,31811
HUTR,Hubbell Trading Post National Historic Site,35.667514,-109.321948,172.53662280701755,88231,75061,75678,81475,66324,67276,45800,39361,50285,11407,60090
IATR,Ice Age National Scenic Trail,43.049044,-89.491477,207.30771175986843,0,0,0,0,0,0,0,0,0,0,0
INDE,Independence National Historical Park,39.9480134,-75.1461357,52.36971354166667,3572770,3594549,3553070,3648050,4311582,5067510,4790758,4576456,4532459,907090,3855429
INDU,Indiana Dunes National Park,41.6306,-87.086864,20261.00464364035,1840513,1889381,1681695,1553372,1640195,1698223,2158471,1756079,2134285,2293106,1864532
ISRO,Isle Royale National Park,47.1225521,-88.5645333,874702.1402110754,15892,16663,16274,14560,18684,24966,28196,25798,26410,6493,19394
JAGA,James A. Garfield National Historic Site,41.664495,-81.35085,9.939690926535087,31499,36375,21027,17956,24506,45437,53536,40835,41305,14797,32727
JELA,Jean Lafitte National Historical Park and Preserve,29.955125,-90.064502,20551.76272101158,420366,419694,400128,445524,405618,438420,456666,529878,590329,192601,429922
JECA,Jewel Cave National Monument,43.764308,-103.607462,1732.1440021929825,77146,109300,98259,104348,116444,137275,144537,142356,123489,35878,108903
JICA,Jimmy Carter National Historic Site,32.0367522,-84.3934827,71.40578056469299,66157,69940,67455,62057,67797,66441,60735,51680,50789,14267,57732
JODR,"John D. Rockefeller, Jr., Memorial Parkway",44.104721999999995,-110.692778,32516.0903824014,1147986,1197750,1228502,1264842,1430337,1411819,1433292,1504561,1426666,1373817,1341957
JODA,John Day Fossil Beds National Monument,44.653496,-119.650654,19610.91802631579,148002,148152,156285,183420,196277,210110,214557,204621,197091,88571,174709
JOFI,John Fitzgerald Kennedy National Historic Site,42.3460692,-71.1244352,0.11309621710526316,18466,22642,17273,26273,18485,25467,30399,24077,24838,451,20837
JOMU,John Muir National Historic Site,37.9921651,-122.130977,393.4081962719298,31236,37403,37777,41535,42615,49376,46876,46957,40725,33603,40810
JOFL,Johnstown Flood National Memorial,40.3508419,-78.7721602,219.8601322642544,105906,123081,121923,141354,163431,154931,171376,146269,183143,87805,139922
JOTR,Joshua Tree National Park,34.129523,-116.036937,824225.0671491228,1396237,1396117,1383340,1589904,2025756,2505286,2853619,2942382,2988547,2399542,2148073
KALA,Kalaupapa National Historical Park,21.189792,-156.980138,8734.369606633772,57841,58875,101112,67210,67891,71527,76512,72146,69401,15847,65836
KAHO,Kaloko-Honokohau National Historical Park,19.689206,-156.021329,1008.168555372807,162906,153584,158124,154206,170683,185041,196857,218015,232921,133877,176621
KAWW,Katahdin Woods And Waters National Monument,45.970362,-68.619336,131539.4711732456,0,0,0,0,0,0,0,0,0,41432,41432
KATM,Katmai National Park,58.756222,-156.51724,9596646.855993701,48939,39818,28966,30896,37818,37818,37818,37818,84167,51511,43557
KEFJ,Kenai Fjords National Park,59.8463648,-150.1844857,1867507.3421107542,346852,281279,283502,270666,296697,346534,303598,321596,356601,115882,292321
KEMO,Kennesaw Mountain National Battlefield Park,33.9830896,-84.5780814,3053.4263507401406,1748436,1935909,1924076,2119013,2174870,2360256,2593725,2549164,2621050,2356401,2238290
KEWE,Keweenaw National Historical Park,47.2423702,-88.4480218,2859.291685169965,0,0,0,0,0,14612,16479,20416,20535,2130,14834
KICA,Kings Canyon National Park,36.78928,-118.67286,510404.511934621,566810,591033,567544,502268,468106,607479,692932,699023,632110,415077,574238
KIMO,Kings Mountain National Military Park,35.078017,-81.395068,4181.88091214365,272325,265713,247632,251093,257077,263357,291841,287635,262031,249477,264818
KLGO,Klondike Gold Rush National Historical Park,59.54944,-135.269027,35931.13211622807,795150,854250,928150,1085202,919661,912351,906485,1017298,1116161,297,853501
KNRI,Knife River Indian Villages National Historic Site,47.4003132,-101.4864866,2740.1433230537373,16025,16010,14476,10750,11377,13328,11644,11682,10354,5263,12091
KOVA,Kobuk Valley National Park,67.146678,-161.292928,8350255.635583878,11485,29550,16875,0,0,15500,15500,14937,15766,11185,13080
KOWA,Korean War Veterans Memorial,38.887778000000004,-77.047222,1.827797423245614,3073430,3267124,3209279,3767287,4077835,4084298,4155947,4107520,3841633,1363714,3494807
LACH,Lake Chelan National Recreation Area,48.5109531,-122.2275204,101053.36658168859,43827,40830,37315,35360,32186,45514,38464,38839,38785,30598,38172
LACL,Lake Clark National Park,61.2173565,-149.886172,7696248.860501649,5158,11639,13000,16100,17818,21102,22755,14479,17157,4948,14416
LAKE,Lake Mead National Recreation Area,36.009722,-114.796667,1622631.0060738754,6396682,6285439,6344714,6942873,7298465,7175891,7882339,7578958,7499049,8016510,7142092
LAMR,Lake Meredith National Recreation Area,35.714721999999995,-101.552778,44771.452454769824,734030,502457,554272,692195,831374,1025613,1329076,1106233,1328340,1612784,971637
LARO,Lake Roosevelt National Recreation Area,48.10743,-118.21289,125914.87476562508,1523474,1781972,1254409,1180898,1170843,1253571,1304403,1276722,1358818,1519403,1362451
LAVO,Lassen Volcanic National Park,40.5093134,-121.4330998,132122.39535498913,351269,407653,427409,432977,468092,536068,507256,499435,517039,542274,468947
LABE,Lava Beds National Monument,41.873101,-121.519764,59775.131351425436,124113,181429,105395,138499,108687,127699,135286,127771,109630,111258,126977
LECL,Lewis and Clark National Historic Trail,41.264613,-95.924517,99.0124136513158,191867,201704,217022,244921,270410,281576,293356,286349,270993,161230,241943
LEWI,Lewis and Clark National Historical Park,46.1370048,-123.8798795,5377.315742872807,0,0,0,0,0,0,0,0,0,0,0
LIBO,Lincoln Boyhood National Memorial,38.113702,-86.999079,229.8759683388158,108420,133550,125069,99795,111711,125562,143651,133850,138714,110692,123101
LIHO,Lincoln Home National Historic Site,39.7981317,-89.6451345,16.451168448464912,296214,295464,209405,218132,233299,239719,232265,197717,197816,27744,214778
LINC,Lincoln Memorial,38.889278000000004,-77.050139,8.553911047149123,5971220,6191361,6546518,7139072,7941771,7915934,7956117,7804683,7808182,2980075,6825493
LIBI,Little Bighorn Battlefield National Monument,45.5605145,-107.4271624,1129.388242872807,312168,346327,277883,281436,317782,332328,296128,272591,241304,97461,277541
LIRI,Little River Canyon National Preserve,34.3807297,-85.6315729,16121.397939281806,225549,201109,185477,224931,248135,462700,367058,441177,649986,802375,380850
CHSC,Little Rock Central High School National Historic Site,34.738773,-92.29732,30.443483415570174,66106,63938,114144,115908,125956,129540,170413,149098,168918,68497,117252
LONG,Longfellow House-Washington's Headquarters National Historic Site,42.376989,-71.12637,2.528771244517544,46596,52234,40554,46371,50784,49697,51606,60527,55012,30014,48340
LOWE,Lowell National Historical Park,42.6471941,-71.3097974,157.20740748355263,520452,537551,517763,514524,531055,541825,562498,507276,481536,53954,476843
LOSA,Lower Saint Croix National Scenic Riverway,45.389167,-92.6575,16187.878960389262,0,0,0,0,0,0,0,0,0,0,0
LYJO,Lyndon B. Johnson National Historical Park,30.285392,-98.398629,1496.7410601699562,100056,110791,82369,88427,124979,140303,146119,121499,111972,75322,110184
LYBA,Lyndon Baines Johnson Memorial Grove on the Potomac,38.878611,-77.051389,21.20482387609649,239058,371063,294979,254167,232882,260234,277403,261225,244246,211228,264649
MAWA,Maggie L. Walker National Historic Site,37.547778,-77.438056,1.4727364309210527,10779,8276,7013,9045,7589,9589,10738,10961,9602,1849,8544
MACA,Mammoth Cave National Park,37.192189,-86.121529,57949.44346628298,483319,508054,494541,522628,566895,586514,587853,533206,551590,290392,512499
MANA,Manassas National Battlefield Park,38.805198,-77.571996,6002.782956414474,659740,600354,538888,514140,502045,534835,605577,542004,510427,558036,556605
MAPR,Manhattan Project National Historical Park,,,136.23697985197367,0,0,0,0,0,104715,89599,69543,79870,11392,71024
MANZ,Manzanar National Historic Site,36.7284743,-118.1462983,900.7918325109649,79587,72831,77511,77633,95327,105307,114461,104081,97380,65289,88941
MABI,Marsh-Billings-Rockefeller National Historical Park,43.6285354,-72.5183519,875.2112321820175,29049,32403,34112,39086,35003,55716,46523,63886,45979,23538,40530
MALU,"Martin Luther King, Jr. National Historical Park",33.7555614,-84.3734823,40.035424890350875,666482,707514,704168,766030,673728,467715,584435,641801,761650,198158,617168
MLKM,"Martin Luther King, Jr., Memorial",38.886111,-77.044167,3.2156537828947367,1490358,3738336,3205654,3199136,3530401,3638208,3651093,3567434,3667562,1083671,3077185
MAVA,Martin Van Buren National Historic Site,42.3656798,-73.704337,386.3525575657895,19287,22062,16229,19187,18547,22100,22023,18642,20623,11480,19018
MABE,Mary McLeod Bethune Council House National Historic Site,38.907778,-77.030278,0.09342996162280702,18142,6646,5686,9295,8249,7149,277,109,3788,578,5992
MEMY,Medgar and Myrlie Evers Home National Monument,32.34097,-90.21265,0.7402425986842105,572329,488860,460237,501563,547325,583527,613788,563420,556203,287477,517473
MEVE,Mesa Verde National Park,37.16748,-108.525539,60249.60776247263,0,0,0,0,0,0,0,0,0,0,0
MISP,Mill Springs Battlefield National Monument,37.068889,-84.736111,1642.011093064693,0,0,0,0,0,0,0,0,0,0,0
MIIN,Minidoka National Historic Site,42.812124,-114.898669,526.1061807839912,0,0,0,0,0,0,11622,11567,13647,6747,10896
MIMA,Minute Man National Historical Park,42.471166,-71.35372,1335.8085396107456,1002833,1001207,947894,1056549,964330,1049414,1023921,1014803,1017326,1083973,1016225
MIMI,Minuteman Missile National Historic Site,43.816298,-101.899697,59.48551603618421,59389,75654,76261,62058,100488,133895,143715,139273,125776,98908,101542
MISS,Mississippi National River and Recreation Area,44.9455077,-93.0898974,76105.63043654052,99398,106733,100111,85637,127635,256944,436734,417022,374682,204707,220960
MNRR,Missouri National Recreation River,42.868919,-97.384615,90175.68808251104,179983,167776,169698,134760,145004,148210,119816,128657,129280,111602,143479
MOJA,Mojave National Preserve,34.871394,-117.020322,1689000.626443256,536006,542527,549599,554560,589155,585635,716604,787404,841516,608633,631164
MONO,Monocacy National Battlefield,39.3665648,-77.388428,1928.7883717105262,36674,47249,37647,56187,64596,87547,113820,84901,144969,155116,82871
MOCA,Montezuma Castle National Monument,34.6089399,-111.8412083,1063.2531016995615,573731,455305,389091,407017,416635,392168,398174,390151,376254,242028,404055
MOCR,Moores Creek National Battlefield,34.458784,-78.107428,95.25302700109648,58118,79345,72330,87774,89944,83889,86747,58531,77006,58786,75247
MORR,Morristown National Historical Park,40.7969641,-74.4659163,2095.1815741502282,222395,294606,304941,264363,218959,252514,268295,279393,271330,262361,263916
MORA,Mount Rainier National Park,46.7558282,-122.1207998,358884.4284827298,1038229,1049178,1148552,1264259,1237231,1356913,1415867,1518491,1501621,1160754,1269110
MORU,Mount Rushmore National Memorial,43.875419,-103.4531437,1740.953003700658,2081722,2185447,2162998,2144808,2434297,2431231,2437800,2311273,1963540,2074986,2222810
MUWO,Muir Woods National Monument,37.8960372,-122.580256,634.0503659539473,897131,972331,954125,1049400,1099923,1123121,1062099,957932,812073,324232,925237
NATC,Natchez National Historical Park,31.543333,-91.383056,137.91384594298245,206624,184551,191095,215257,204332,204120,233339,234786,182123,57646,191387
NATR,Natchez Trace Parkway,34.307545,-88.720974,54445.60883566333,5765343,5560668,6012740,5846474,5785812,5891315,6326062,6362439,6296041,6124808,5997170
NACA,National Capital Parks,,,8488.82058319628,1240717,858700,1712858,1999232,1833085,1813222,1932762,1800329,1770794,665650,1562735
MALL,National Mall,38.89,-77.023611,202.5259107730263,1167393,923054,1091661,1311995,1220403,1224671,1366142,1447273,1210641,893421,1185665
NPSA,National Park of American Samoa,-14.29129,-170.696426,8470.760824424351,8716,10440,17919,13953,13892,28892,69468,28626,60006,4819,25673
NABR,Natural Bridges National Monument,37.593888,-110.009234,8622.852337582246,91184,89011,82330,87119,94797,101843,107443,103118,88090,52542,89748
NAVA,Navajo National Monument,36.40425,-110.910901,398.97690720942984,87388,58219,54168,65778,71370,65705,68785,61195,49983,3985,58658
NEBE,New Bedford Whaling National Historical Park,41.635758,-70.924046,39.63396038925438,273862,269885,276374,272731,167790,145500,166894,186937,143427,18243,192164
JAZZ,New Orleans Jazz National Historical Park,29.955125,-90.064502,5.070929276315789,130393,177909,198363,36017,58188,35514,40814,54483,41049,9640,78237
NERI,New River Gorge National River,37.899209,-81.157499,81907.99211143087,1071088,1128195,1071823,1124799,1178753,1197931,1168658,1232627,1195721,1054374,1142397
NEPE,Nez Perce National Historical Park,46.416175,-116.797523,6353.061798245614,286259,233093,297973,221439,224967,239908,238424,307645,216068,301473,256725
NICO,Nicodemus National Historic Site,39.393117,-99.617178,5.473097587719298,2681,3505,3241,3374,3306,3552,2916,2738,3540,262,2912
NISI,Ninety Six National Historic Site,34.1433109,-82.013465,1000.1588137335526,70099,73044,69624,65688,80223,118002,113103,95550,97295,95418,87805
NIOB,Niobrara National Scenic River,42.8129207,-99.9294552,38351.3485252193,65785,65999,71876,53443,68110,73813,80806,61639,60812,102766,70505
NOAT,Noatak National Preserve,66.898684,-162.599068,33148404.00301263,11722,31000,16907,0,0,17000,17000,16387,17216,12533,13977
NOCA,North Cascades National Park,48.832778000000005,-121.3475,816863.9661581685,19208,26935,21623,23865,20677,28646,30326,30085,38208,30885,27046
NOCO,North Country National Scenic Trail,43.049044,-89.491477,419.93637678179823,0,0,0,0,0,0,0,0,0,0,0
OBRI,Obed Wild and Scenic River,36.075278000000004,-84.649444,5896.071768092105,212458,212446,198367,215767,214441,231390,214783,217530,221301,237837,217632
OCMU,Ocmulgee Mounds National Historical Park,32.8483695,-83.6034314,3415.7442948190883,122722,120025,115801,122799,155388,162260,156907,133008,146925,61303,129714
OLYM,Olympic National Park,47.96935,-123.49856,1439226.4513061948,2966502,2824908,3085340,3243872,3263761,3390221,3401996,3104455,3245806,2499177,3102604
ORCA,Oregon Caves National Monument and Preserve,42.095556,-123.405833,5885.836369243421,76194,78164,72717,69405,72709,80613,72212,67417,65006,22789,67723
ORPI,Organ Pipe Cactus National Monument,32.229742,-112.883295,327674.70297697367,211405,161743,206860,224548,222723,234186,260534,260375,263186,191512,223707
OZAR,Ozark National Scenic Riverway,36.9202916,-90.9045238,92152.71508840455,1365960,1406781,1253703,1296437,1277941,1241480,1165296,1264657,1221489,1316795,1281054
PAIS,Padre Island National Seashore,27.577099,-97.230383,117333.21817879667,542873,573855,515830,578815,582839,634012,650197,616033,576299,617704,588846
PAAL,Palo Alto Battlefield National Historical Park,25.927065,-97.511873,3023.935065104176,24752,36707,32522,41516,47866,58556,84361,82488,149733,97860,65636
PAGR,Paterson Great Falls National Historical Park,40.916111,-74.181667,63.92508155153509,0,0,0,0,0,177498,308199,143604,276985,339768,249211
PERI,Pea Ridge National Military Park,36.442602,-94.025976,4701.552016173246,114234,131907,95251,104686,114578,119490,121163,101969,102753,80455,108649
PERL,Pearl Harbor National Memorial,21.339884,-157.970901,17.887914610745614,1694896,1751224,1786024,1620814,1574156,1819020,1947495,1779143,1716535,415542,1610485
PECO,Pecos National Historical Park,35.548124,-105.682312,7195.019708744527,43873,45568,32386,38256,30229,39715,40650,39129,43834,36695,39034
PAAV,Pennsylvania Avenue National Historic Site,38.893611,-77.023889,21.79152617872807,236136,283232,257831,54035,0,0,108716,119616,125035,15898,120050
PEVI,Perry's Victory and International Peace Memorial,41.654125,-82.811077,34.049377055921056,93119,140281,158231,129440,156578,142152,84769,150557,121325,40469,121692
PETE,Petersburg National Battlefield,37.219444,-77.361389,3118.6261136239127,213261,188426,190086,205572,192655,191898,208473,204322,235691,152878,198326
PEFO,Petrified Forest National Park,34.90999,-109.806792,236370.73223341577,614054,664857,644648,836799,793225,643274,627757,644922,643588,384483,649761
PETR,Petroglyph National Monument,35.161624,-106.719073,7663.844900630492,114428,119444,115075,115859,117825,124177,141803,268613,293957,356492,176767
PIRO,Pictured Rocks National Lakeshore,46.5178371,-86.4090096,110575.86004317438,561104,593587,575450,527897,723178,777428,781190,815308,858715,1212251,742611
PINN,Pinnacles National Park,36.4869826,-121.2135701,29393.973071546137,393219,224476,237677,196635,206533,215555,233334,222152,177224,165740,227255
PISP,Pipe Spring National Monument,36.862928,-112.740538,44.36783168859649,57360,54692,51118,56484,54619,46710,29065,25179,27482,10623,41333
PIPE,Pipestone National Monument,44.013333,-96.325,393.5995511239035,61908,76030,64760,62151,70748,67489,76486,73267,77508,38229,66858
PISC,Piscataway Park,38.678611,-77.092778,5374.289544270842,279060,124107,161999,109473,148729,123381,154011,146364,329729,166484,174334
PORE,Point Reyes National Seashore,38.04195,-122.7888848,82424.17750685316,2129116,2412663,2641808,2433944,2501106,2438442,2456669,2397722,2265301,2252424,2392920
POCH,Port Chicago Naval Magazine National Memorial,37.9921651,-122.130977,7.423994654605263,545,533,596,786,963,1942,1086,653,830,70,800
POPO,Poverty Point National Monument,32.63679,-91.405532,994.2947567160088,0,0,0,0,0,0,0,0,0,0,0
WICL,President William Jefferson Clinton Birthplace Home National Historic Site,33.667171999999994,-93.596489,0.5916289747807018,9749,8932,9838,11113,10463,10468,10177,10845,8758,4055,9440
PRWI,Prince William Forest Park,38.585278,-77.379722,16073.744300301543,379535,280325,309298,315072,312109,344435,360540,313629,339693,333903,328854
PUHO,Pu'uhonua o Honaunau National Historical Park,19.4173278,-155.9080889,338.18952850877196,426224,442353,363282,401808,437286,421027,505735,462974,414410,130845,400594
PUHE,Pu'ukohola Heiau National Historic Site,20.027026,-155.819965,69.61131304824562,133306,134403,125645,134734,139586,138565,147259,145585,133573,23970,125663
PULL,Pullman National Monument,41.697222,-87.609444,0.5140734649122807,0,0,0,0,0,0,0,0,0,0,0
RABR,Rainbow Bridge National Monument,36.894948,-111.473479,178.708242872807,92311,75214,54773,62910,77270,86369,108418,110904,115108,3573,78685
REER,Reconstruction Era National Historical Park,32.4325,-80.670556,21.422506510416667,0,0,0,0,0,0,0,0,0,0,0
REDW,Redwood National Park,41.753421,-124.194538,177491.07412623335,380167,352517,393364,429166,527143,536297,445000,482536,504722,265177,431609
RICH,Richmond National Battlefield Park,37.429167,-77.373611,9268.04644051535,139376,156952,151240,179552,184175,208969,224014,199344,197242,179598,182046
RIGR,Rio Grande Wild and Scenic River,29.328389,-103.205948,20734.4503125,873,694,703,321,120,463,399,330,324,126,435
RIRA,River Raisin National Battlefield Park,41.913610999999996,-83.378333,53.86568325109649,36206,50667,57464,55281,109118,202375,238813,240548,226354,309977,152680
ROCR,Rock Creek Park,38.9575,-77.045,2056.6166598135965,2050490,2003385,1968995,2437948,2443772,2478735,2483788,2395342,2416232,1768152,2244684
ROMO,Rocky Mountain National Park,40.3753949,-105.5059499,326845.4657394456,3176941,3229617,2991141,3434751,4155916,4517585,4437215,4590493,4670053,3305199,3850891
ROWI,Roger Williams National Memorial,41.831347,-71.410749,5.810949835526316,50909,51944,48677,51523,60505,65588,80970,60709,59419,13971,54422
RRBH,Ronald Reagan Boyhood Home National Historic Site,41.836110999999995,-89.480722,1.2949239309210527,0,0,0,0,0,0,0,0,0,0,0
RORI,Rosie the Riveter/World War II Home Front National Historical Park,37.9338362,-122.3442547,170.39116228070176,0,0,31514,45549,56362,64425,60927,57852,50404,9528,47070
ROLA,Ross Lake National Recreation Area,48.731667,-121.067222,190806.65995888246,728353,742200,725917,710612,772579,905418,759656,892044,1088528,920526,824583
RUCA,Russell Cave National Monument,34.9807721,-85.8063291,305.9524321546053,20717,20954,20456,18530,19430,24649,24377,21620,16642,8462,19584
SAHI,Sagamore Hill National Historic Site,40.882588,-73.5053767,102.95928453947369,53336,20097,14639,19319,42326,53920,55186,39970,36738,105289,44082
SAGU,Saguaro National Park,32.1792142,-110.738004,93085.2532826207,610045,634286,678261,673572,753446,820426,964760,957405,1020226,762226,787465
SACR,Saint Croix Island International Historic Site,44.3385559,-68.2733346,9.484336622807017,0,0,10709,11588,12557,13857,11872,12001,11613,6914,11389
SACN,Saint Croix National Scenic Riverway,45.4171447,-92.6462101,103674.64149396929,273729,221028,342942,671582,623122,708258,772475,724644,638258,798622,577466
SAPA,Saint Paul's Church National Historic Site,40.8933639,-73.8264656,7.706879111842105,14926,16188,14016,16460,17180,20830,21190,21630,18537,5968,16693
SAGA,Saint-Gaudens National Historical Park,43.49751,-72.373789,254.2722807017544,32695,33663,37837,37785,39242,42377,37556,35218,31759,13286,34142
SAMA,Salem Maritime National Historic Site,42.5217765,-70.8862569,12.349409265350877,737073,756038,426328,403758,264780,371989,373630,300475,339238,125554,409886
SAPU,Salinas Pueblo Missions National Monument,34.520341,-106.241127,1119.189921875,29786,29228,24836,30537,29672,32414,35148,34629,31672,26982,30490
SARI,Salt River Bay National Historical Park and Ecological Preserve,17.778889000000003,-64.758889,807.5733006099227,2419,5217,4791,5192,8108,16449,10567,4884,5215,2704,6555
SAAN,San Antonio Missions National Historical Park,29.381974,-98.482254,883.676680372807,568021,614810,521705,1395337,1322154,1358911,1381383,1208104,1281121,1141353,1079290
SAFR,San Francisco Maritime National Historical Park,37.804208,-122.431068,113.01830112390351,4224897,4129983,4154455,4256888,4173014,4334752,4493519,4223542,4016598,1936101,3994375
SAJH,San Juan Island National Historical Park,48.455833,-122.985556,3440.0558826754386,266717,261139,220960,268946,258668,316122,267209,255032,292507,426335,283364
SAJU,San Juan National Historic Site,18.468075,-66.115186,60.467358312774216,1229590,1279814,1328802,1382906,1532818,1456553,1188780,910405,1197345,357100,1186411
SAND,Sand Creek Massacre National Historic Site,38.4838305,-102.7857891,14572.61443941886,3935,4384,4795,7402,5887,6847,6535,6006,5701,4215,5571
SAMO,Santa Monica Mountains National Recreation Area,34.1859982,-118.8861188,159625.4680592105,609636,649471,633054,694714,797126,906606,897593,867154,707566,733576,749650
SARA,Saratoga National Historical Park,43.0189449,-73.6456328,4719.242397203948,65043,57688,54364,58773,65010,102808,97781,135444,145118,73825,85585
SAIR,Saugus Iron Works National Historic Site,42.468009,-71.008909,16.542371162280702,11121,11611,8154,11181,9327,11159,12256,10660,8150,16928,11055
SCBL,Scotts Bluff National Monument,41.824167,-103.665,4117.453563596491,128811,122515,108127,119159,131122,130085,152560,142028,166007,181900,138231
SEMO,Selma to Montgomery National Historic Trail,32.268672,-86.717968,19.95570038377193,0,0,0,0,0,0,0,0,0,0,0
SEQU,Sequoia National Park,36.56471,-118.77337,447937.7090768913,1006583,1106584,909274,1039137,1097464,1254688,1291256,1229594,1246053,796086,1097672
SHEN,Shenandoah National Park,38.533333,-78.35,229701.91804550527,1209883,1210200,1136505,1255321,1321873,1437341,1458874,1264880,1425507,1666265,1338665
SHIL,Shiloh National Military Park,35.151883,-88.329943,9246.85219435307,387816,587620,536206,409086,356535,421862,435107,376099,360989,386883,425820
SITK,Sitka National Historical Park,57.0519805,-135.3315533,278.23071820175437,186864,195157,161157,157297,185150,217141,194880,197017,232876,115494,184303
SLBE,Sleeping Bear Dunes National Lakeshore,44.811405,-86.056252,99976.28080180929,1348304,1531560,1340007,1395401,1535633,1683553,1678126,1643600,1570001,1718696,1544488
SPAR,Springfield Armory National Historic Site,42.095995,-72.583279,69.59806537828948,16161,16978,17782,20595,21825,22434,25109,20104,20979,1032,18300
STLI,Statue Of Liberty National Monument,40.699067,-74.028522,85.36534333881579,3749982,3029443,1883544,4198815,4279020,4501547,4441988,4335431,4240461,576396,3523663
STGE,Ste. Genevive National Historical Park,37.97696,-90.048672,18.258932291666667,0,0,0,0,0,0,0,0,0,0,0
STEA,Steamtown National Historic Site,41.406345,-75.6654819,76.59154742324561,111725,106309,81174,84257,89592,99660,103956,97950,105403,27322,90735
STRI,Stones River National Battlefield,35.884486,-86.43472,781.1338884320176,187208,260537,258242,272499,264925,346213,230562,266503,284516,301270,267248
STON,Stonewall National Monument,40.733872,-74.002175,5.654957510964913,0,0,0,0,0,0,106791,511220,2088929,0,676735
SUCR,Sunset Crater Volcano National Monument,35.238961,-111.570755,3253.559732044965,185265,177793,184864,176723,182203,60233,119454,104583,108379,83669,138317
TAPR,Tallgrass Prairie National Preserve,38.4426255,-96.5730004,12629.964969846491,17893,18918,16128,17776,29558,29378,30773,27715,33750,29009,25090
THKO,Thaddeus Kosciuszko National Memorial,39.9480134,-75.1461357,0.03385759320175439,1949,2045,1682,1475,1261,2794,2293,2077,1921,0,1750
THRB,Theodore Roosevelt Birthplace National Historic Site,40.7387645,-73.988999,0.13072711074561402,6537,17930,18676,21065,6685,6582,24884,23155,25978,4984,15648
THRI,Theodore Roosevelt Inaugural National Historic Site,42.901478,-78.872416,1.556921600877193,17107,18875,19198,22025,24896,29199,28585,27508,26994,5098,21949
THIS,Theodore Roosevelt Island National Memorial,38.897222,-77.064167,117.59896587171053,137690,149754,162599,146500,159740,164360,168195,151500,151500,153598,154544
THRO,Theodore Roosevelt National Park,46.966667,-103.45,108218.8664014528,563407,640555,545090,559580,580033,753880,708003,749389,691658,551303,634290
EDIS,Thomas Edison National Historical Park,40.7839654,-74.2339497,25.937587719298246,55284,52554,46677,51344,56317,57694,59323,47297,42224,7605,47632
JEFM,Thomas Jefferson Memorial,38.881389,-77.036667,23.10438322368421,1945696,2613131,2609463,2708607,3102442,3414345,3366571,3198859,3096895,852626,2690864
THST,Thomas Stone National Historic Site,38.5223783,-77.0285753,381.11504523026315,6351,6426,6013,5843,5772,10652,10250,8254,8020,2351,6993
TICA,Timpanogos Cave National Monument,40.371125,-111.806123,306.59554893092104,96965,118764,91269,95679,104023,91261,100740,121311,103512,92481,101601
TIMU,Timucuan Ecological and Historic Preserve,30.45445,-81.44988,43496.54892235474,1028922,1076310,1031667,1121318,1239423,1148494,1218306,1134857,1205065,1017373,1122174
TONT,Tonto National Monument,33.66672,-111.1297924,1152.1264603892544,53426,51881,39632,36360,37523,38048,40898,39822,28853,24756,39120
TULE,Tule Lake National Monument,41.9551552,-121.4777694,47.94131373355263,0,0,0,0,0,0,0,0,0,0,0
TUSK,Tule Springs Fossil Beds National Monument,36.371,-115.306,24942.950768229126,0,0,0,0,0,0,0,0,0,0,0
TUMA,Tumacacori National Historical Park,31.57766,-110.999009,355.56146792763155,33740,35158,31433,38017,42146,43829,46308,40810,39704,23726,37487
TUPE,Tupelo National Battlefield,34.307545,-88.720974,1.0404920504385964,0,0,0,0,0,0,0,0,0,0,0
TUAI,Tuskegee Airmen National Historic Site,32.4505152,-85.6773793,89.00656798245615,16244,23716,19301,24319,22662,31133,39322,26829,30097,6843,24047
TUIN,Tuskegee Institute National Historic Site,32.4283309,-85.7091633,61.849781387061405,23288,24030,47766,11786,7961,8452,20407,37486,36395,4737,22231
TUZI,Tuzigoot National Monument,34.5636358,-111.8543178,857.1214007675438,101104,97388,85746,74903,95065,104604,109388,98090,98538,78358,94318
ULSG,Ulysses S. Grant National Historic Site,38.547834,-90.356985,11.483358689692983,35664,39373,38604,40287,39048,46071,59761,43602,39449,15236,39710
UPDE,Upper Delaware Scenic and Recreational River,41.6199728,-75.0508572,72763.5152247807,270390,255586,228464,230845,243246,264362,253537,220966,215537,250198,243313
VALL,Valles Caldera National Preserve,35.9,-106.533333,96493.57023163386,0,0,0,0,0,0,0,0,0,30434,30434
VAFO,Valley Forge National Historical Park,40.095596,-75.423987,4191.760574287281,1303046,1442750,1962889,1990881,2143965,2428724,2159592,1881362,2259944,2012832,1958599
VAMA,Vanderbilt Mansion National Historic Site,41.77043,-73.932905,269.26776384320175,367680,423107,372569,398447,431961,387856,360436,340870,326822,217231,362698
VICK,Vicksburg National Military Park,32.345551,-90.855577,2502.114030975877,796035,573262,573838,550874,532444,508914,475074,474387,576456,176236,523752
VIVE,Vietnam Veterans Memorial,38.891110999999995,-77.047778,2.5643030427631577,4020127,4424407,4142721,4403467,5597077,5299713,5072589,4719148,4580587,1585525,4384536
VICR,Virgin Islands Coral Reef National Monument,18.306110999999998,-64.726944,11011.363178796597,0,0,0,0,0,0,0,0,0,0,0
VIIS,Virgin Islands National Park,18.34215,-64.767569,11897.446781626913,442414,483341,438601,426930,438372,411343,304408,112287,133398,167540,335863
VOYA,Voyageurs National Park,48.6020835,-93.403716,330534.33472724736,177184,214841,233390,239160,238313,241912,237250,239656,232974,263091,231777
WACO,Waco Mammoth National Monument,31.605999999999998,-97.175,105.27165296052631,0,0,0,0,20551,69510,101792,106932,111331,46457,76096
WACA,Walnut Canyon National Monument,35.238961,-111.570755,3451.1279111842105,125003,110748,125267,135230,153322,152444,165134,167736,152333,107422,139464
WAPA,War in the Pacific,13.44645,144.786636,1438.255546189693,482391,255923,266267,266191,322463,488988,384610,387856,432213,318711,360561
WAMO,Washington Monument,38.889444,-77.035278,122.53389322916667,430153,0,0,423170,493550,252677,0,0,108410,83585,179155
WABA,Washita Battlefield National Historic Site,35.6175,-99.700278,344.3077563048246,10995,10615,8434,13186,12067,12312,11831,13437,9119,12520,11452
WEFA,Weir Farm National Historic Site,41.2566156,-73.4562524,86.37761444627193,22415,21465,22862,34082,47220,39079,38096,35382,38700,25430,32473
WHIS,Whiskeytown-Shasta-Trinity National Recreation Area,40.612879,-122.573041,51969.77581140351,761710,814374,776025,851901,843845,875565,832063,585768,687159,805295,783371
WHHO,White House,38.8977,-77.0365,21.541727658991228,1356208,1257032,889692,1293314,1429424,1600631,1917638,1521711,1170028,484052,1291973
WHSA,White Sands National Park,32.7696209,-106.3182956,149294.38555852527,428924,447385,490544,503660,497506,555793,612468,603008,608785,415383,516346
WHMI,Whitman Mission National Historic Site,46.04,-118.461389,204.41939967105264,57611,60785,57686,58499,39525,50148,47757,49274,48481,34933,50470
WIHO,William Howard Taft National Historic Site,39.119518,-84.508156,4.310881990131579,21141,19416,21102,23609,24385,30723,37425,30202,32396,11100,25150
WICR,Wilson's Creek National Battlefield,37.115556,-93.42,2730.652289610755,192865,167205,157309,161058,161004,183698,206346,220276,232838,287260,196986
WICA,Wind Cave National Park,43.55635,-103.47865,45917.092504111926,538394,529083,516142,547022,612198,617377,619924,656397,615350,448405,570029
WOTR,Wolf Trap National Park for the Performing Arts,38.936944,-77.261944,157.49971970942983,425177,426996,441166,388283,407351,437513,424364,365540,402580,30073,374904
WORI,Women's Rights National Historical Park,42.9106968,-76.8001038,9.974888980263158,25426,29585,30137,30254,38139,52683,61806,42784,39064,8237,35812
WWIM,World War I Memorial,38.896111,-77.032778,2.4257291666666667,0,0,0,0,0,0,0,0,0,0,0
WWII,World War II Memorial,38.8894,-77.040517,10.071650904605264,3752172,4161685,3934166,4230793,5068224,4856532,4876842,4652865,4831327,1924128,4228873
WRST,Wrangell-St. Elias National Park,61.5614999,-143.8523096,25173921.812445268,65225,87158,69984,74722,80366,79047,68292,79450,74518,16655,69542
WRBR,Wright Brothers National Memorial,35.938547,-75.712322,466.1502665844298,445455,466816,447796,430517,437184,458776,414244,360669,400135,277963,413956
WUPA,Wupatki National Monument,35.238961,-111.570755,38089.51213061948,216165,201365,190878,195962,212828,223172,236454,205122,187059,146074,201508
YELL,Yellowstone National Park,44.462085,-110.642441,3080191.5060731927,3394326,3447729,3188030,3513484,4097710,4257177,4116524,4115000,4020288,3806306,3795657
YOSE,Yosemite National Park,37.7189997,-119.5571677,850744.7822553457,3951393,3853404,3691191,3882642,4150217,5028868,4336890,4009436,4422861,2268313,3959522
YUHO,Yucca House National Monument,37.16748,-108.525539,39.97253632127193,0,0,0,0,0,0,0,0,0,0,0
YUCH,Yukon-Charley Rivers National Preserve,64.78943,-141.202849,10053248.510317983,1718,1393,3914,2329,1133,1146,952,1272,1114,666,1564
ZION,Zion National Park,37.240801,-112.941626,167143.63126507687,2825505,2973607,2807387,3189696,3648846,4295127,4504812,4320033,4488268,3591254,3664454
