Code,Park Name,2011,2012,2013,2014,2015,2016,2017,2018,2019,2020,Average
ABLI,Abraham Lincoln Birthplace NHP,"163,568","169,515","163,928","241,264","148,605","252,495","269,580","260,964","238,226","228,141","213,629"
ACAD,Acadia NP,"2,374,645","2,431,052","2,254,922","2,563,129","2,811,184","3,303,393","3,509,271","3,537,575","3,437,286","2,669,034","2,889,149"
ADAM,Adams NHP,"219,975","336,031","285,501","178,468","183,632","199,301","255,562","121,007","187,400","6,937","197,381"
AFBG,African Burial Ground NM,"108,585","77,624","93,234","54,861","56,348","46,526","43,182","45,035","47,427","7,908","58,073"
AGFO,Agate Fossil Beds NM,"11,617","11,824","10,504","12,440","13,264","15,555","32,038","16,238","16,657","8,722","14,886"
ALFL,Alibates Flint Quarries NM,"3,214","3,383","1,555","4,513","9,492","8,153","6,613","7,415","8,847","4,269","5,745"
ALPO,Allegheny Portage Railroad NHS,"118,410","138,864","107,977","172,883","168,433","189,371","201,837","189,047","189,189","136,029","161,204"
AMIS,Amistad NRA,"1,436,759","1,367,502","1,025,151","1,130,096","1,250,051","1,164,530","1,221,635","1,111,770","1,267,900","1,424,139","1,239,953"
ANDE,Andersonville NHS,"108,812","122,883","98,771","127,189","136,686","134,216","132,149","138,164","103,635","63,799","116,630"
ANJO,Andrew Johnson NHS,"52,322","51,261","42,929","42,863","45,357","45,937","53,998","50,671","51,189","46,092","48,262"
ANIA,Aniakchak NM & PRES,57,19,134,134,153,100,100,100,100,36,93
ANTI,Antietam NB,"384,987","510,921","370,832","337,079","347,180","351,911","366,508","326,197","287,343","85,884","336,884"
APIS,Apostle Islands NL,"176,040","163,419","148,556","290,059","232,662","183,796","203,421","252,920","240,613","219,009","211,050"
APCO,Appomattox Court House NHP,"258,917","320,668","317,660","278,776","412,640","303,139","113,960","103,044","102,397","57,513","226,871"
ARCH,Arches NP,"1,040,758","1,070,577","1,082,866","1,284,767","1,399,247","1,585,718","1,539,028","1,663,557","1,659,702","1,238,083","1,356,430"
ARPO,Arkansas Post NMEM,"37,127","39,703","36,420","30,860","38,702","34,405","36,079","30,126","28,519","29,653","34,159"
ARHO,Arlington House The R.E. Lee MEM,"576,816","562,772","586,531","671,638","532,050","1,057,500","726,059","49,500",0,0,"476,287"
ASIS,Assateague Island NS,"2,105,419","2,154,859","2,056,828","2,170,681","2,275,606","2,267,821","2,347,167","2,136,889","2,344,536","2,481,660","2,234,147"
AZRU,Aztec Ruins NM,"41,106","44,744","41,312","44,721","53,165","57,692","52,756","54,933","63,777","30,223","48,443"
BADL,Badlands NP,"870,741","883,406","892,372","868,094","989,354","996,263","1,054,325","1,008,942","970,998","916,932","945,143"
BAND,Bandelier NM,"193,914","150,289","126,682","130,106","174,073","198,478","209,141","198,441","200,741","94,948","167,681"
BEPA,Belmont-Paul Women's Equality NM,,,,,,"2,704","10,893","9,081","9,913","2,535","7,025"
BEOL,Bent's Old Fort NHS,"26,842","25,815","23,324","24,555","26,219","31,948","26,397","23,562","21,674","12,438","24,277"
BELA,Bering Land Bridge NPRES,"1,890","2,642","2,642","2,636","2,642","2,642","2,642","2,642","2,642","2,642","2,566"
BIBE,Big Bend NP,"361,862","292,055","316,953","314,102","381,747","388,290","440,276","440,091","463,832","393,907","379,312"
BICY,Big Cypress NPRES,"941,393","882,570","1,007,788","1,192,856","1,112,290","1,102,148","922,883","794,350","1,007,471","1,181,930","1,014,568"
BIHO,Big Hole NB,"36,290","35,207","38,092","36,987","39,549","41,795","36,717","56,943","45,861","36,234","40,368"
BISO,Big South Fork NRRA,"606,579","600,161","565,063","599,906","643,135","684,715","761,200","760,906","750,494","772,625","674,478"
BITH,Big Thicket NPRES,"137,722","135,262","120,108","109,956","125,832","192,809","170,649","221,514","255,926","309,053","177,883"
BICA,Bighorn Canyon NRA,"201,010","245,831","241,527","224,083","245,173","259,485","231,836","235,570","249,659","212,295","234,647"
BISC,Biscayne NP,"476,077","495,613","486,848","525,745","508,164","514,709","446,961","469,253","708,522","402,770","503,466"
BLCA,Black Canyon of the Gunnison NP,"168,336","192,570","175,852","183,045","209,166","238,018","307,143","308,962","432,818","341,620","255,753"
BLRI,Blue Ridge PKWY,"15,382,447","15,205,059","12,877,368","13,941,749","15,054,603","15,175,578","16,093,765","14,690,418","14,976,085","14,099,485","14,749,656"
BLUE,Bluestone NSR,"41,670","36,842","36,266","38,450","36,733","34,139","32,028","31,316","37,663","25,207","35,031"
BOWA,Booker T. Washington NM,"24,030","24,361","22,103","26,127","27,205","23,440","25,479","22,732","24,640","22,482","24,260"
BOAF,Boston African American NHS,"379,906","404,248","386,084","408,641","412,377","414,170","413,151","410,893","419,585","89,616","373,867"
BOHA,Boston Harbor Islands NRA,,,,,,,,,,"71,991","71,991"
BOST,Boston NHP,"2,546,156","2,629,064","2,245,875","2,476,078","2,262,841","2,594,495","3,425,606","3,053,241","3,201,834","277,170","2,471,236"
BRVB,Brown v. Board of Education NHS,"16,886","21,101","19,356","26,868","25,338","27,968","25,204","24,083","21,413","4,064","21,228"
BRCA,Bryce Canyon NP,"1,296,000","1,385,352","1,311,875","1,435,741","1,745,804","2,365,110","2,571,684","2,679,478","2,594,904","1,464,655","1,885,060"
BUIS,Buck Island Reef NM,"28,223","30,436","28,972","34,400","41,936","38,929","33,082","31,411","37,085","16,032","32,051"
BUFF,Buffalo NR,"1,169,802","1,093,083","1,125,227","1,357,057","1,463,304","1,785,359","1,471,330","1,240,119","1,326,282","1,478,846","1,351,041"
CABR,Cabrillo NM,"813,351","877,951","856,128","893,434","981,825","959,145","997,903","842,104","761,485","523,878","850,720"
CANA,Canaveral NS,"1,005,001","994,430","1,133,688","1,451,225","1,689,754","1,629,944","1,598,586","1,657,855","1,884,122","1,162,950","1,420,756"
CARI,Cane River Creole NHP,"26,996","28,310","25,556","28,981","30,882","26,863","30,117","26,879","29,922","17,430","27,194"
CACH,Canyon de Chelly NM,"828,145","828,523","828,478","827,761","813,686","821,406","825,660","439,306","460,757","76,752","675,047"
CANY,Canyonlands NP,"473,773","452,952","462,242","542,431","634,607","776,218","742,271","739,449","733,996","493,914","605,185"
CACO,Cape Cod NS,"4,454,771","4,441,290","4,501,898","4,426,750","4,503,220","4,692,796","4,125,418","3,926,462","4,096,104","4,083,505","4,325,221"
CAHA,Cape Hatteras NS,"1,960,711","2,302,040","2,214,565","2,153,350","2,274,635","2,411,711","2,433,703","2,591,056","2,606,632","2,648,522","2,359,693"
CAKR,Cape Krusenstern NM,"8,668","24,950","18,225",0,0,"15,000","15,000","15,087","16,226","11,369","12,453"
CALO,Cape Lookout NS,"508,116","480,294","416,568","430,927","400,413","458,000","399,357","408,399","455,526","488,331","444,593"
CARE,Capitol Reef NP,"668,834","673,345","663,670","786,514","941,029","1,064,904","1,150,165","1,227,627","1,226,519","981,038","938,365"
CAVO,Capulin Volcano NM,"46,358","48,710","48,466","50,892","55,506","60,132","59,615","67,411","81,617","63,335","58,204"
CARL,Carl Sandburg Home NHS,"89,721","93,429","81,710","82,377","72,606","80,696","72,777","72,047","78,144","42,672","76,618"
CAVE,Carlsbad Caverns NP,"365,000","381,058","388,566","397,309","445,720","466,773","520,026","465,912","440,691","183,835","405,489"
CAWO,Carter G. Woodson Home NHS,,,,,,,"1,884","1,954","2,381",548,"1,692"
CAGR,Casa Grande Ruins NM,"72,308","68,631","65,106","63,698","72,606","75,752","75,583","62,995","68,379","44,269","66,933"
CASA,Castillo de San Marcos NM,"741,042","727,243","778,128","760,708","819,154","854,664","876,975","748,058","673,395","251,061","723,043"
CACL,Castle Clinton NM,"3,985,366","3,264,439","2,180,694","4,727,110","4,597,029","4,812,930","4,737,113","4,533,564","4,361,034","633,793","3,783,307"
CATO,Catoctin Mountain Park,"264,460","263,797","175,213","188,170","229,301","221,750","236,243","299,860","296,846","539,983","271,562"
CEBR,Cedar Breaks NM,"493,147","631,809","466,450","762,907","793,601","899,676","909,199","644,515","579,861","845,867","702,703"
CECH,Cesar E. Chavez NM,,,"8,157","8,854","10,648","17,216","15,472","12,769","16,490","5,668","11,909"
CHCU,Chaco Culture NHP,"39,175","39,044","29,917","38,386","38,914","54,084","55,334","57,781","47,342","8,231","40,821"
CHAM,Chamizal NMEM,"113,817","104,148","121,937","108,399","122,431","147,937","86,400","66,479","38,228","19,180","92,896"
CHIS,Channel Islands NP,"242,756","249,594","212,029","342,161","324,816","364,807","383,687","366,250","409,630","167,290","306,302"
CHPI,Charles Pinckney NHS,"45,254","44,314","47,309","53,486","46,995","53,184","53,744","34,354","35,495","23,723","43,786"
CHYO,Charles Young Buffalo Soldiers NM,,,,,"3,993","10,211","12,405","31,448","14,106","2,461","12,437"
CHAT,Chattahoochee River NRA,"3,161,297","3,168,137","3,039,892","3,119,160","3,173,204","2,736,385","2,768,499","2,873,866","3,393,133","3,066,877","3,050,045"
CHOH,Chesapeake & Ohio Canal NHP,"3,937,504","4,712,377","4,941,367","5,066,219","4,798,312","4,813,078","4,859,573","4,438,818","5,116,787","4,888,436","4,757,247"
CHCH,Chickamauga & Chattanooga NMP,"1,036,699","1,032,844","905,984","996,694","1,002,373","1,027,738","994,537","945,962","977,158","678,414","959,840"
CHIC,Chickasaw NRA,"1,212,139","1,487,039","1,099,669","1,152,083","1,254,105","1,676,421","1,533,684","1,477,906","1,422,612","1,348,122","1,366,378"
CHIR,Chiricahua NM,"37,037","41,159","40,646","45,125","56,960","51,277","63,132","60,577","60,655","44,794","50,136"
CHRI,Christiansted NHS,"119,335","126,962","118,638","109,159","116,817","115,446","96,779","107,494","103,594","23,816","103,804"
CIRO,City of Rocks NRES,"95,764","98,996","94,906","94,825","105,289","107,865","130,276","142,250","99,311","110,203","107,969"
CLBA,Clara Barton NHS,"15,620","25,347","22,737","20,028","2,823",0,0,425,"4,100",450,"9,153"
COLO,Colonial NHP,"3,414,577","3,274,187","3,168,731","3,335,060","3,343,909","3,352,656","3,333,448","3,294,224","3,327,268","2,946,594","3,279,065"
COLM,Colorado NM,"435,460","454,510","409,351","416,862","588,006","391,075","375,035","375,467","397,032","435,625","427,842"
CONG,Congaree NP,"120,166","109,685","120,340","120,122","87,513","143,843","159,595","145,929","159,445","119,306","128,594"
CORO,Coronado NMEM,"153,042","97,579","92,936","118,838","132,584","136,075","131,614","103,218","130,328","156,199","125,241"
COWP,Cowpens NB,"223,923","231,973","216,239","200,836","206,740","213,299","212,692","189,410","223,413","226,903","214,543"
CRLA,Crater Lake NP,"423,551","447,251","523,027","535,508","614,712","756,344","711,749","720,659","704,512","670,500","610,781"
CRMO,Craters of the Moon NM & PRES,"198,545","197,529","200,525","214,993","246,826","255,436","285,227","263,506","272,224","250,872","238,568"
CUGA,Cumberland Gap NHP,"828,947","853,998","768,363","879,934","840,601","820,387","737,547","684,191","704,598","735,447","785,401"
CUIS,Cumberland Island NS,"74,279","61,493","51,435","61,401","59,859","61,896","51,937","55,650","53,904","37,295","56,915"
CURE,Curecanti NRA,"924,468","862,612","814,163","931,367","944,742","982,498","1,041,446","931,512","836,034","921,584","919,043"
CUVA,Cuyahoga Valley NP,"2,161,185","2,299,722","2,103,010","2,189,849","2,284,612","2,423,390","2,226,879","2,096,053","2,237,997","2,755,628","2,277,833"
DAAV,Dayton Aviation Heritage NHP,"68,048","65,999","59,274","57,565","73,588","95,334","99,700","93,541","94,709","39,851","74,761"
DESO,De Soto NMEM,"355,653","432,981","279,924","342,039","293,647","232,463","233,354","210,993","187,880","196,114","276,505"
DEVA,Death Valley NP,"946,867","984,568","951,972","1,101,312","1,154,843","1,296,283","1,294,827","1,678,660","1,740,945","820,023","1,197,030"
DEWA,Delaware Water Gap NRA,"4,986,700","4,970,802","4,843,350","4,041,672","3,735,134","3,677,744","3,400,944","3,261,921","3,374,865","4,068,529","4,036,166"
DENA,Denali NP & PRES,"406,582","388,433","530,922","531,315","560,757","587,412","642,809","594,660","601,152","54,850","489,889"
DEPO,Devils Postpile NM,"97,207","87,845","91,794","114,414","140,313","135,404","109,571","139,724","147,864","108,590","117,273"
DETO,Devils Tower NM,"395,203","416,994","417,326","440,875","478,833","496,210","499,031","468,216","450,785","423,997","448,747"
DINO,Dinosaur NM,"213,559","302,858","274,361","250,625","291,799","304,312","315,859","304,468","298,965","264,145","282,095"
DRTO,Dry Tortugas NP,"75,171","60,550","58,401","64,865","70,862","73,661","54,281","56,810","79,200","48,543","64,234"
DDEM,Dwight D. Eisenhower MEM,,,,,,,,,,"187,328","187,328"
EDAL,Edgar Allan Poe NHS,"14,711","19,104","5,884","13,701","13,862","14,827","14,878","16,314","15,527","2,418","13,123"
EFMO,Effigy Mounds NM,"82,581","78,540","71,074","77,812","81,901","77,195","67,006","55,576","65,581","18,225","67,549"
EISE,Eisenhower NHS,"58,022","53,286","59,179","58,240","54,377","55,550","50,597","42,036","47,277","7,926","48,649"
ELMA,El Malpais NM,"105,356","114,678","137,904","164,063","174,433","157,440","161,526","154,368","158,924","139,336","146,803"
ELMO,El Morro NM,"48,332","44,808","40,051","46,256","49,390","59,422","59,013","65,453","68,867","36,328","51,792"
ELRO,Eleanor Roosevelt NHS,"50,074","55,049","43,686","60,456","64,791","63,480","67,621","54,649","47,630","9,575","51,701"
EUON,Eugene O'Neill NHS,"2,593","2,789","2,929","3,202","3,942","4,287","3,931","3,432","2,944","14,423","4,447"
EVER,Everglades NP,"934,351","1,141,906","1,047,116","1,110,901","1,077,427","930,907","1,018,557","597,124","1,118,300","702,319","967,891"
FEHA,Federal Hall NMEM,"187,109","167,146","148,647","137,538","172,038","314,531","325,497","230,634","264,849","13,822","196,181"
FIIS,Fire Island NS,"519,173","483,334","294,219","384,343","441,899","431,303","456,392","305,710","391,311","250,449","395,813"
FILA,First Ladies NHS,"8,254","9,903","10,068","15,326","12,897","13,378","13,085","11,447","10,913","2,406","10,768"
FLNI,Flight 93 NMEM,"265,246","317,926","265,924","284,226","337,217","385,123","364,082","381,448","411,226","244,364","325,678"
FLFO,Florissant Fossil Beds NM,"61,289","62,637","58,032","63,297","69,130","73,564","71,763","79,568","77,340","61,081","67,770"
FOTH,Ford's Theatre NHS,"642,786","701,542","665,876","655,441","681,537","650,779","744,266","533,410","572,373","56,058","590,407"
FOBO,Fort Bowie NHS,"8,429","7,966","8,082","6,964","7,760","8,013","8,491","8,401","7,577","6,456","7,814"
FOCA,Fort Caroline NMEM,"326,149","327,339","307,086","187,843","224,418","232,082","243,960","203,276","187,658","404,476","264,429"
FODA,Fort Davis NHS,"35,130","38,136","43,277","49,842","55,955","61,823","60,910","49,532","51,995","35,920","48,252"
FODO,Fort Donelson NB,"257,389","284,762","247,734","262,317","260,744","259,343","208,816","168,986","254,431","325,496","253,002"
FOFR,Fort Frederica NM,"293,041","262,235","217,580","228,103","202,191","192,906","188,089","183,591","212,330","210,892","219,096"
FOLA,Fort Laramie NHS,"52,916","55,199","54,057","49,038","51,616","57,444","61,513","52,414","42,892","26,066","50,316"
FOLS,Fort Larned NHS,"26,704","33,194","27,432","24,607","32,170","31,060","29,188","29,173","26,958","21,895","28,238"
FOMA,Fort Matanzas NM,"570,695","497,574","523,694","568,529","622,175","557,810","578,981","608,103","593,788","543,590","566,494"
FOMC,Fort McHenry NM & HS,"641,254","744,076","678,431","769,300","617,890","610,987","591,861","486,113","419,545","163,224","572,268"
FONE,Fort Necessity NB,"193,479","187,893","165,159","219,546","280,705","290,021","294,145","280,970","312,104","199,801","242,382"
FOPO,Fort Point NHS,"1,338,508","1,502,786","1,591,312","1,677,457","1,610,466","2,264,154","1,532,541","1,400,491","1,421,349","884,538","1,522,360"
FOPU,Fort Pulaski NM,"408,104","385,751","374,408","387,010","382,945","344,921","360,591","419,930","374,290","357,970","379,592"
FORA,Fort Raleigh NHS,"282,134","281,833","263,598","264,987","289,885","292,367","274,981","261,198","248,139","153,519","261,264"
FOSC,Fort Scott NHS,"26,219","25,034","25,773","25,966","25,531","29,291","28,948","26,482","24,068","14,652","25,196"
FOSM,Fort Smith NHS,"86,122","87,386","69,584","88,790","111,469","163,636","141,914","136,568","125,500","67,574","107,854"
FOST,Fort Stanwix NM,"102,874","195,057","129,089","60,819","86,678","94,006","106,936","90,507","97,412","24,134","98,751"
FOSU,Fort Sumter and Fort Moultrie NHP,"857,883","842,027","815,007","828,521","840,711","888,330","896,569","859,880","877,894","365,133","807,196"
FOUN,Fort Union NM,"9,575","9,215","8,965","10,934","11,726","11,953","11,676","10,860","11,063","5,334","10,130"
FOUS,Fort Union Trading Post NHS,"12,236","12,677","12,908","11,521","13,605","17,502","13,329","13,551","12,967","5,225","12,552"
FOVA,Fort Vancouver NHS,"710,439","681,404","733,540","803,740","818,672","1,092,031","1,081,489","1,098,553","1,018,214","670,111","870,819"
FOWA,Fort Washington Park,"409,381","368,824","443,918","466,078","337,433","560,358","317,470","316,052","423,868","160,289","380,367"
FOBU,Fossil Butte NM,"16,552","17,084","17,662","16,623","19,293","20,737","21,978","21,349","20,554","13,176","18,501"
FRDE,Franklin Delano Roosevelt MEM,"2,309,708","2,764,459","2,837,729","2,938,239","3,290,080","4,360,502","3,507,402","3,288,299","3,303,573","1,010,986","2,961,098"
FRDO,Frederick Douglass NHS,"46,694","53,314","47,625","45,492","53,873","67,387","76,569","70,869","61,063","10,969","53,386"
FRLA,Frederick Law Olmsted NHS,"4,022","8,668","6,570","8,667","9,473","8,935","11,388","9,854","7,791","2,570","7,794"
FRSP,Fredericksburg & Spotsylvania NMP,"908,836","982,324","880,251","873,328","891,917","969,895","919,311","926,464","906,800","838,835","909,796"
FRHI,Friendship Hill NHS,"30,039","34,289","34,372","34,317","34,687","37,847","39,377","41,678","34,159","19,462","34,023"
GAAR,Gates of the Arctic NP & PRES,"11,623","10,899","11,012","12,669","10,745","10,047","11,177","9,591","10,518","2,872","10,115"
JEFF,Gateway Arch NP,"2,259,020","2,496,726","2,377,258","1,817,091","1,698,656","1,271,855","1,398,188","2,016,180","2,055,309","486,021","1,787,630"
GATE,Gateway NRA,"7,697,727","5,043,863","6,191,246","6,021,713","6,392,565","8,651,770","9,190,610","9,243,305","9,405,622","8,404,728","7,624,315"
GARI,Gauley River NRA,"109,780","115,283","135,309","117,354","105,374","115,888","118,733","97,778","119,282","109,378","114,416"
GEGR,General Grant NMEM,"104,769","92,418","83,440","100,622","95,526","109,151","97,005","73,336","113,852","24,475","89,459"
GERO,George Rogers Clark NHP,"145,596","125,972","128,531","125,218","135,856","126,095","117,268","121,187","140,130","56,108","122,196"
GEWA,George Washington Birthplace NM,"130,647","134,824","131,683","131,984","130,952","129,750","122,457","111,058","139,666","41,970","120,499"
GWCA,George Washington Carver NM,"30,787","30,425","33,061","41,535","37,745","46,397","46,466","44,411","49,553","26,569","38,695"
GWMP,George Washington MEM PKWY,"7,417,397","7,425,577","7,360,392","7,472,150","7,286,463","10,323,339","7,562,793","7,288,623","7,487,265","6,237,361","7,586,136"
GETT,Gettysburg NMP,"1,124,659","1,126,577","1,213,349","1,020,702","1,080,185","1,091,320","1,038,649","949,989","925,117","536,553","1,010,710"
GICL,Gila Cliff Dwellings NM,"25,317","28,637","27,825","31,135","36,518","41,519","78,872","79,108","66,614","31,645","44,719"
GLBA,Glacier Bay NP & PRES,"431,986","454,337","500,590","500,727","551,353","520,171","547,057","597,915","672,087","5,748","478,197"
GLAC,Glacier NP,"1,853,564","2,162,035","2,190,374","2,338,528","2,366,056","2,946,681","3,305,512","2,965,309","3,049,839","1,698,864","2,487,676"
GLCA,Glen Canyon NRA,"2,270,817","2,061,328","1,991,924","2,368,452","2,495,093","3,239,525","4,574,940","4,219,441","4,330,563","2,553,392","3,010,548"
GOGA,Golden Gate NRA,"14,567,487","14,540,338","14,289,121","15,004,420","14,888,537","15,638,777","14,981,897","15,223,697","15,002,227","12,400,045","14,653,655"
GOSP,Golden Spike NHP,"43,933","42,551","40,704","44,125","59,147","60,027","67,811","60,130","108,154","53,106","57,969"
GOIS,Governors Island NM,"402,174","348,249","355,553","698,227","438,613","522,859","625,653","589,798","590,993","102,915","467,503"
GRCA,Grand Canyon NP,"4,298,178","4,421,352","4,564,840","4,756,771","5,520,736","5,969,811","6,254,238","6,380,495","5,974,411","2,897,098","5,103,793"
GRPO,Grand Portage NM,"97,440","93,156","88,598","88,877","91,751","95,862","96,051","94,137","94,985","66,426","90,728"
GRTE,Grand Teton NP,"2,587,437","2,705,256","2,688,794","2,791,392","3,149,921","3,270,076","3,317,000","3,491,151","3,405,614","3,289,638","3,069,628"
GRKO,Grant-Kohrs Ranch NHS,"20,293","17,095","18,848","20,565","22,139","23,176","24,072","26,676","25,043","15,328","21,324"
GRBA,Great Basin NP,"91,451","94,850","92,893","107,526","116,123","144,846","168,028","153,094","131,802","120,248","122,086"
GRSA,Great Sand Dunes NP & PRES,"280,058","254,674","242,841","271,774","299,513","388,308","486,935","442,905","527,546","461,532","365,609"
GRSM,Great Smoky Mountains NP,"9,008,830","9,685,829","9,354,695","10,099,276","10,712,674","11,312,786","11,338,893","11,421,200","12,547,743","12,095,720","10,757,765"
GREE,Greenbelt Park,"190,427","145,552","142,742","132,688","135,260","137,900","141,856","85,260","128,702","28,319","126,871"
GUMO,Guadalupe Mountains NP,"152,546","159,360","145,670","166,868","169,535","181,839","225,257","172,347","188,833","151,256","171,351"
GUCO,Guilford Courthouse NMP,"346,617","313,374","541,581","173,261","222,602","321,796","348,991","236,016","223,900","186,020","291,416"
GUIS,Gulf Islands NS,"5,501,872","4,973,462","4,837,965","4,455,240","3,976,883","4,771,309","3,952,941","4,229,968","5,600,240","4,012,129","4,631,201"
HAFO,Hagerman Fossil Beds NM,"21,100","23,936","21,008","22,482","24,695","25,982","31,122","26,477","23,768","14,113","23,468"
HALE,Haleakala NP,"956,989","1,094,668","785,300","1,142,040","1,216,772","1,263,558","1,112,390","1,044,084","994,394","319,147","992,934"
HAGR,Hamilton Grange NMEM,"7,817","16,358","20,429","20,943","35,446","85,348","85,603","66,216","71,247","23,015","43,242"
HAMP,Hampton NHS,"32,165","37,529","32,262","32,498","34,685","34,942","32,327","29,615","28,234","8,728","30,299"
HAFE,Harpers Ferry NHP,"255,348","263,105","255,714","261,202","282,893","335,691","342,535","265,737","299,577","234,473","279,628"
HSTR,Harry S Truman NHS,"28,924","31,316","28,977","29,364","32,825","34,616","45,435","32,878","30,746","9,446","30,453"
HAVO,Hawaii Volcanoes NP,"1,352,123","1,483,928","1,583,209","1,693,005","1,832,660","1,887,580","2,016,702","1,116,891","1,368,376","589,775","1,492,425"
HEHO,Herbert Hoover NHS,"134,249","128,812","128,919","139,086","127,154","152,382","144,619","138,087","125,688","56,270","127,527"
HOFR,Home of Franklin D. Roosevelt NHS,"125,488","135,746","147,218","179,340","180,405","193,272","185,743","154,000","147,109","40,091","148,841"
HOME,Homestead NM of America,"69,845","103,708","67,396","69,156","78,739","87,755","123,400","68,091","61,636","40,897","77,062"
HOCU,Hopewell Culture NHP,"33,834","39,462","32,206","36,432","43,587","58,058","62,413","57,335","60,338","35,710","45,938"
HOFU,Hopewell Furnace NHS,"44,873","52,870","46,138","48,105","51,252","54,167","49,306","46,407","49,861","34,288","47,727"
HOBE,Horseshoe Bend NMP,"65,892","58,668","55,965","64,359","89,282","83,370","74,255","48,491","45,372","28,600","61,425"
HOSP,Hot Springs NP,"1,396,354","1,302,505","1,325,719","1,424,484","1,418,162","1,544,300","1,561,616","1,506,887","1,467,153","1,348,215","1,429,540"
HOVE,Hovenweep NM,"25,858","26,710","24,959","26,808","35,117","42,862","39,970","40,574","35,399","19,856","31,811"
HUTR,Hubbell Trading Post NHS,"88,231","75,061","75,678","81,475","66,324","67,276","45,800","39,361","50,285","11,407","60,090"
INDE,Independence NHP,"3,572,770","3,594,549","3,553,070","3,648,050","4,311,582","5,067,510","4,790,758","4,576,456","4,532,459","907,090","3,855,429"
INDU,Indiana Dunes NP,"1,840,513","1,889,381","1,681,695","1,553,372","1,640,195","1,698,223","2,158,471","1,756,079","2,134,285","2,293,106","1,864,532"
ISRO,Isle Royale NP,"15,892","16,663","16,274","14,560","18,684","24,966","28,196","25,798","26,410","6,493","19,394"
JAGA,James A. Garfield NHS,"31,499","36,375","21,027","17,956","24,506","45,437","53,536","40,835","41,305","14,797","32,727"
JELA,Jean Lafitte NHP & PRES,"420,366","419,694","400,128","445,524","405,618","438,420","456,666","529,878","590,329","192,601","429,922"
JECA,Jewel Cave NM,"77,146","109,300","98,259","104,348","116,444","137,275","144,537","142,356","123,489","35,878","108,903"
JICA,Jimmy Carter NHS,"66,157","69,940","67,455","62,057","67,797","66,441","60,735","51,680","50,789","14,267","57,732"
JODR,"John D. Rockefeller, Jr. MEM PKWY","1,147,986","1,197,750","1,228,502","1,264,842","1,430,337","1,411,819","1,433,292","1,504,561","1,426,666","1,373,817","1,341,957"
JODA,John Day Fossil Beds NM,"148,002","148,152","156,285","183,420","196,277","210,110","214,557","204,621","197,091","88,571","174,709"
JOFI,John F. Kennedy NHS,"18,466","22,642","17,273","26,273","18,485","25,467","30,399","24,077","24,838",451,"20,837"
JOMU,John Muir NHS,"31,236","37,403","37,777","41,535","42,615","49,376","46,876","46,957","40,725","33,603","40,810"
JOFL,Johnstown Flood NMEM,"105,906","123,081","121,923","141,354","163,431","154,931","171,376","146,269","183,143","87,805","139,922"
JOTR,Joshua Tree NP,"1,396,237","1,396,117","1,383,340","1,589,904","2,025,756","2,505,286","2,853,619","2,942,382","2,988,547","2,399,542","2,148,073"
KALA,Kalaupapa NHP,"57,841","58,875","101,112","67,210","67,891","71,527","76,512","72,146","69,401","15,847","65,836"
KAHO,Kaloko Honokohau NHP,"162,906","153,584","158,124","154,206","170,683","185,041","196,857","218,015","232,921","133,877","176,621"
KAWW,Katahdin Woods and Waters NM,,,,,,,,,,"41,432","41,432"
KATM,Katmai NP & PRES,"48,939","39,818","28,966","30,896","37,818","37,818","37,818","37,818","84,167","51,511","43,557"
KEFJ,Kenai Fjords NP,"346,852","281,279","283,502","270,666","296,697","346,534","303,598","321,596","356,601","115,882","292,321"
KEMO,Kennesaw Mountain NBP,"1,748,436","1,935,909","1,924,076","2,119,013","2,174,870","2,360,256","2,593,725","2,549,164","2,621,050","2,356,401","2,238,290"
KEWE,Keweenaw NHP,,,,,,"14,612","16,479","20,416","20,535","2,130","14,834"
KICA,Kings Canyon NP,"566,810","591,033","567,544","502,268","468,106","607,479","692,932","699,023","632,110","415,077","574,238"
KIMO,Kings Mountain NMP,"272,325","265,713","247,632","251,093","257,077","263,357","291,841","287,635","262,031","249,477","264,818"
KLGO,Klondike Gold Rush NHP Alaska,"795,150","854,250","928,150","1,085,202","919,661","912,351","906,485","1,017,298","1,116,161",297,"853,501"
KNRI,Knife River Indian Villages NHS,"16,025","16,010","14,476","10,750","11,377","13,328","11,644","11,682","10,354","5,263","12,091"
KOVA,Kobuk Valley NP,"11,485","29,550","16,875",0,0,"15,500","15,500","14,937","15,766","11,185","13,080"
KOWA,Korean War Veterans Memorial,"3,073,430","3,267,124","3,209,279","3,767,287","4,077,835","4,084,298","4,155,947","4,107,520","3,841,633","1,363,714","3,494,807"
LACH,Lake Chelan NRA,"43,827","40,830","37,315","35,360","32,186","45,514","38,464","38,839","38,785","30,598","38,172"
LACL,Lake Clark NP & PRES,"5,158","11,639","13,000","16,100","17,818","21,102","22,755","14,479","17,157","4,948","14,416"
LAKE,Lake Mead NRA,"6,396,682","6,285,439","6,344,714","6,942,873","7,298,465","7,175,891","7,882,339","7,578,958","7,499,049","8,016,510","7,142,092"
LAMR,Lake Meredith NRA,"734,030","502,457","554,272","692,195","831,374","1,025,613","1,329,076","1,106,233","1,328,340","1,612,784","971,637"
LARO,Lake Roosevelt NRA,"1,523,474","1,781,972","1,254,409","1,180,898","1,170,843","1,253,571","1,304,403","1,276,722","1,358,818","1,519,403","1,362,451"
LAVO,Lassen Volcanic NP,"351,269","407,653","427,409","432,977","468,092","536,068","507,256","499,435","517,039","542,274","468,947"
LABE,Lava Beds NM,"124,113","181,429","105,395","138,499","108,687","127,699","135,286","127,771","109,630","111,258","126,977"
LYBA,LBJ Memorial Grove on the Potomac,"239,058","371,063","294,979","254,167","232,882","260,234","277,403","261,225","244,246","211,228","264,649"
LECL,Lewis & Clark NHP,"191,867","201,704","217,022","244,921","270,410","281,576","293,356","286,349","270,993","161,230","241,943"
LIBO,Lincoln Boyhood NMEM,"108,420","133,550","125,069","99,795","111,711","125,562","143,651","133,850","138,714","110,692","123,101"
LIHO,Lincoln Home NHS,"296,214","295,464","209,405","218,132","233,299","239,719","232,265","197,717","197,816","27,744","214,778"
LINC,Lincoln Memorial,"5,971,220","6,191,361","6,546,518","7,139,072","7,941,771","7,915,934","7,956,117","7,804,683","7,808,182","2,980,075","6,825,493"
LIBI,Little Bighorn Battlefield NM,"312,168","346,327","277,883","281,436","317,782","332,328","296,128","272,591","241,304","97,461","277,541"
LIRI,Little River Canyon NPRES,"225,549","201,109","185,477","224,931","248,135","462,700","367,058","441,177","649,986","802,375","380,850"
CHSC,Little Rock Central High School NHS,"66,106","63,938","114,144","115,908","125,956","129,540","170,413","149,098","168,918","68,497","117,252"
LONG,Longfellow House Washington's HQ NHS,"46,596","52,234","40,554","46,371","50,784","49,697","51,606","60,527","55,012","30,014","48,340"
LOWE,Lowell NHP,"520,452","537,551","517,763","514,524","531,055","541,825","562,498","507,276","481,536","53,954","476,843"
LYJO,Lyndon B. Johnson NHP,"100,056","110,791","82,369","88,427","124,979","140,303","146,119","121,499","111,972","75,322","110,184"
MAWA,Maggie L. Walker NHS,"10,779","8,276","7,013","9,045","7,589","9,589","10,738","10,961","9,602","1,849","8,544"
MACA,Mammoth Cave NP,"483,319","508,054","494,541","522,628","566,895","586,514","587,853","533,206","551,590","290,392","512,499"
MANA,Manassas NBP,"659,740","600,354","538,888","514,140","502,045","534,835","605,577","542,004","510,427","558,036","556,605"
MAPR,Manhattan Project NHP,,,,,,"104,715","89,599","69,543","79,870","11,392","71,024"
MANZ,Manzanar NHS,"79,587","72,831","77,511","77,633","95,327","105,307","114,461","104,081","97,380","65,289","88,941"
MABI,Marsh-Billings-Rockefeller NHP,"29,049","32,403","34,112","39,086","35,003","55,716","46,523","63,886","45,979","23,538","40,530"
MLKM,"Martin Luther King, Jr. Memorial","1,490,358","3,738,336","3,205,654","3,199,136","3,530,401","3,638,208","3,651,093","3,567,434","3,667,562","1,083,671","3,077,185"
MALU,"Martin Luther King, Jr. NHP","666,482","707,514","704,168","766,030","673,728","467,715","584,435","641,801","761,650","198,158","617,168"
MAVA,Martin Van Buren NHS,"19,287","22,062","16,229","19,187","18,547","22,100","22,023","18,642","20,623","11,480","19,018"
MABE,Mary McLeod Bethune Council House NHS,"18,142","6,646","5,686","9,295","8,249","7,149",277,109,"3,788",578,"5,992"
MEMY,Mesa Verde NP,"572,329","488,860","460,237","501,563","547,325","583,527","613,788","563,420","556,203","287,477","517,473"
MIIN,Minidoka NHS,,,,,,,"11,622","11,567","13,647","6,747","10,896"
MIMA,Minute Man NHP,"1,002,833","1,001,207","947,894","1,056,549","964,330","1,049,414","1,023,921","1,014,803","1,017,326","1,083,973","1,016,225"
MIMI,Minuteman Missile NHS,"59,389","75,654","76,261","62,058","100,488","133,895","143,715","139,273","125,776","98,908","101,542"
MISS,Mississippi NRRA,"99,398","106,733","100,111","85,637","127,635","256,944","436,734","417,022","374,682","204,707","220,960"
MNRR,Missouri NRR,"179,983","167,776","169,698","134,760","145,004","148,210","119,816","128,657","129,280","111,602","143,479"
MOJA,Mojave NPRES,"536,006","542,527","549,599","554,560","589,155","585,635","716,604","787,404","841,516","608,633","631,164"
MONO,Monocacy NB,"36,674","47,249","37,647","56,187","64,596","87,547","113,820","84,901","144,969","155,116","82,871"
MOCA,Montezuma Castle NM,"573,731","455,305","389,091","407,017","416,635","392,168","398,174","390,151","376,254","242,028","404,055"
MOCR,Moores Creek NB,"58,118","79,345","72,330","87,774","89,944","83,889","86,747","58,531","77,006","58,786","75,247"
MORR,Morristown NHP,"222,395","294,606","304,941","264,363","218,959","252,514","268,295","279,393","271,330","262,361","263,916"
MORA,Mount Rainier NP,"1,038,229","1,049,178","1,148,552","1,264,259","1,237,231","1,356,913","1,415,867","1,518,491","1,501,621","1,160,754","1,269,110"
MORU,Mount Rushmore NMEM,"2,081,722","2,185,447","2,162,998","2,144,808","2,434,297","2,431,231","2,437,800","2,311,273","1,963,540","2,074,986","2,222,810"
MUWO,Muir Woods NM,"897,131","972,331","954,125","1,049,400","1,099,923","1,123,121","1,062,099","957,932","812,073","324,232","925,237"
NATC,Natchez NHP,"206,624","184,551","191,095","215,257","204,332","204,120","233,339","234,786","182,123","57,646","191,387"
NATR,Natchez Trace PKWY,"5,765,343","5,560,668","6,012,740","5,846,474","5,785,812","5,891,315","6,326,062","6,362,439","6,296,041","6,124,808","5,997,170"
NACA,National Capital Parks Central,"1,240,717","858,700","1,712,858","1,999,232","1,833,085","1,813,222","1,932,762","1,800,329","1,770,794","665,650","1,562,735"
MALL,National Capital Parks East,"1,167,393","923,054","1,091,661","1,311,995","1,220,403","1,224,671","1,366,142","1,447,273","1,210,641","893,421","1,185,665"
NPSA,National Park of American Samoa,"8,716","10,440","17,919","13,953","13,892","28,892","69,468","28,626","60,006","4,819","25,673"
NABR,Natural Bridges NM,"91,184","89,011","82,330","87,119","94,797","101,843","107,443","103,118","88,090","52,542","89,748"
NAVA,Navajo NM,"87,388","58,219","54,168","65,778","71,370","65,705","68,785","61,195","49,983","3,985","58,658"
NEBE,New Bedford Whaling NHP,"273,862","269,885","276,374","272,731","167,790","145,500","166,894","186,937","143,427","18,243","192,164"
JAZZ,New Orleans Jazz NHP,"130,393","177,909","198,363","36,017","58,188","35,514","40,814","54,483","41,049","9,640","78,237"
NERI,New River Gorge NP & PRES,"1,071,088","1,128,195","1,071,823","1,124,799","1,178,753","1,197,931","1,168,658","1,232,627","1,195,721","1,054,374","1,142,397"
NEPE,Nez Perce NHP,"286,259","233,093","297,973","221,439","224,967","239,908","238,424","307,645","216,068","301,473","256,725"
NICO,Nicodemus NHS,"2,681","3,505","3,241","3,374","3,306","3,552","2,916","2,738","3,540",262,"2,912"
NISI,Ninety Six NHS,"70,099","73,044","69,624","65,688","80,223","118,002","113,103","95,550","97,295","95,418","87,805"
NIOB,Niobrara NSR,"65,785","65,999","71,876","53,443","68,110","73,813","80,806","61,639","60,812","102,766","70,505"
NOAT,Noatak NPRES,"11,722","31,000","16,907",0,0,"17,000","17,000","16,387","17,216","12,533","13,977"
NOCA,North Cascades NP,"19,208","26,935","21,623","23,865","20,677","28,646","30,326","30,085","38,208","30,885","27,046"
OBRI,Obed W&SR,"212,458","212,446","198,367","215,767","214,441","231,390","214,783","217,530","221,301","237,837","217,632"
OCMU,Ocmulgee Mounds NHP,"122,722","120,025","115,801","122,799","155,388","162,260","156,907","133,008","146,925","61,303","129,714"
OLYM,Olympic NP,"2,966,502","2,824,908","3,085,340","3,243,872","3,263,761","3,390,221","3,401,996","3,104,455","3,245,806","2,499,177","3,102,604"
ORCA,Oregon Caves NM & PRES,"76,194","78,164","72,717","69,405","72,709","80,613","72,212","67,417","65,006","22,789","67,723"
ORPI,Organ Pipe Cactus NM,"211,405","161,743","206,860","224,548","222,723","234,186","260,534","260,375","263,186","191,512","223,707"
OZAR,Ozark NSR,"1,365,960","1,406,781","1,253,703","1,296,437","1,277,941","1,241,480","1,165,296","1,264,657","1,221,489","1,316,795","1,281,054"
PAIS,Padre Island NS,"542,873","573,855","515,830","578,815","582,839","634,012","650,197","616,033","576,299","617,704","588,846"
PAAL,Palo Alto Battlefield NHP,"24,752","36,707","32,522","41,516","47,866","58,556","84,361","82,488","149,733","97,860","65,636"
PAGR,Paterson Great Falls NHP,,,,,,"177,498","308,199","143,604","276,985","339,768","249,211"
PERI,Pea Ridge NMP,"114,234","131,907","95,251","104,686","114,578","119,490","121,163","101,969","102,753","80,455","108,649"
PERL,Pearl Harbor NMEM,"1,694,896","1,751,224","1,786,024","1,620,814","1,574,156","1,819,020","1,947,495","1,779,143","1,716,535","415,542","1,610,485"
PECO,Pecos NHP,"43,873","45,568","32,386","38,256","30,229","39,715","40,650","39,129","43,834","36,695","39,034"
PAAV,Pennsylvania Avenue NHS,"236,136","283,232","257,831","54,035",0,0,"108,716","119,616","125,035","15,898","120,050"
PEVI,Perry's Victory & Intl. Peace MEM,"93,119","140,281","158,231","129,440","156,578","142,152","84,769","150,557","121,325","40,469","121,692"
PETE,Petersburg NB,"213,261","188,426","190,086","205,572","192,655","191,898","208,473","204,322","235,691","152,878","198,326"
PEFO,Petrified Forest NP,"614,054","664,857","644,648","836,799","793,225","643,274","627,757","644,922","643,588","384,483","649,761"
PETR,Petroglyph NM,"114,428","119,444","115,075","115,859","117,825","124,177","141,803","268,613","293,957","356,492","176,767"
PIRO,Pictured Rocks NL,"561,104","593,587","575,450","527,897","723,178","777,428","781,190","815,308","858,715","1,212,251","742,611"
PINN,Pinnacles NP,"393,219","224,476","237,677","196,635","206,533","215,555","233,334","222,152","177,224","165,740","227,255"
PISP,Pipe Spring NM,"57,360","54,692","51,118","56,484","54,619","46,710","29,065","25,179","27,482","10,623","41,333"
PIPE,Pipestone NM,"61,908","76,030","64,760","62,151","70,748","67,489","76,486","73,267","77,508","38,229","66,858"
PISC,Piscataway Park,"279,060","124,107","161,999","109,473","148,729","123,381","154,011","146,364","329,729","166,484","174,334"
PORE,Point Reyes NS,"2,129,116","2,412,663","2,641,808","2,433,944","2,501,106","2,438,442","2,456,669","2,397,722","2,265,301","2,252,424","2,392,920"
POCH,Port Chicago Naval Magazine NMEM,545,533,596,786,963,"1,942","1,086",653,830,70,800
WICL,President W.J. Clinton Birthplace Home NHS,"9,749","8,932","9,838","11,113","10,463","10,468","10,177","10,845","8,758","4,055","9,440"
PRWI,Prince William Forest Park,"379,535","280,325","309,298","315,072","312,109","344,435","360,540","313,629","339,693","333,903","328,854"
PUHO,Pu'uhonua o Honaunau NHP,"426,224","442,353","363,282","401,808","437,286","421,027","505,735","462,974","414,410","130,845","400,594"
PUHE,Pu'ukohola Heiau NHS,"133,306","134,403","125,645","134,734","139,586","138,565","147,259","145,585","133,573","23,970","125,663"
RABR,Rainbow Bridge NM,"92,311","75,214","54,773","62,910","77,270","86,369","108,418","110,904","115,108","3,573","78,685"
REDW,Redwood NP,"380,167","352,517","393,364","429,166","527,143","536,297","445,000","482,536","504,722","265,177","431,609"
RICH,Richmond NBP,"139,376","156,952","151,240","179,552","184,175","208,969","224,014","199,344","197,242","179,598","182,046"
RIGR,Rio Grande W&SR,873,694,703,321,120,463,399,330,324,126,435
RIRA,River Raisin NBP,"36,206","50,667","57,464","55,281","109,118","202,375","238,813","240,548","226,354","309,977","152,680"
ROCR,Rock Creek Park,"2,050,490","2,003,385","1,968,995","2,437,948","2,443,772","2,478,735","2,483,788","2,395,342","2,416,232","1,768,152","2,244,684"
ROMO,Rocky Mountain NP,"3,176,941","3,229,617","2,991,141","3,434,751","4,155,916","4,517,585","4,437,215","4,590,493","4,670,053","3,305,199","3,850,891"
ROWI,Roger Williams NMEM,"50,909","51,944","48,677","51,523","60,505","65,588","80,970","60,709","59,419","13,971","54,422"
RORI,Rosie The Riveter WWII Home Front NHP,,,"31,514","45,549","56,362","64,425","60,927","57,852","50,404","9,528","47,070"
ROLA,Ross Lake NRA,"728,353","742,200","725,917","710,612","772,579","905,418","759,656","892,044","1,088,528","920,526","824,583"
RUCA,Russell Cave NM,"20,717","20,954","20,456","18,530","19,430","24,649","24,377","21,620","16,642","8,462","19,584"
SAHI,Sagamore Hill NHS,"53,336","20,097","14,639","19,319","42,326","53,920","55,186","39,970","36,738","105,289","44,082"
SAGU,Saguaro NP,"610,045","634,286","678,261","673,572","753,446","820,426","964,760","957,405","1,020,226","762,226","787,465"
SACR,Saint Croix Island IHS,,,"10,709","11,588","12,557","13,857","11,872","12,001","11,613","6,914","11,389"
SACN,Saint Croix NSR,"273,729","221,028","342,942","671,582","623,122","708,258","772,475","724,644","638,258","798,622","577,466"
SAPA,Saint Paul's Church NHS,"14,926","16,188","14,016","16,460","17,180","20,830","21,190","21,630","18,537","5,968","16,693"
SAGA,Saint-Gaudens NHP,"32,695","33,663","37,837","37,785","39,242","42,377","37,556","35,218","31,759","13,286","34,142"
SAMA,Salem Maritime NHS,"737,073","756,038","426,328","403,758","264,780","371,989","373,630","300,475","339,238","125,554","409,886"
SAPU,Salinas Pueblo Missions NM,"29,786","29,228","24,836","30,537","29,672","32,414","35,148","34,629","31,672","26,982","30,490"
SARI,Salt River Bay NHP & Ecological Pres,"2,419","5,217","4,791","5,192","8,108","16,449","10,567","4,884","5,215","2,704","6,555"
SAAN,San Antonio Missions NHP,"568,021","614,810","521,705","1,395,337","1,322,154","1,358,911","1,381,383","1,208,104","1,281,121","1,141,353","1,079,290"
SAFR,San Francisco Maritime NHP,"4,224,897","4,129,983","4,154,455","4,256,888","4,173,014","4,334,752","4,493,519","4,223,542","4,016,598","1,936,101","3,994,375"
SAJH,San Juan Island NHP,"266,717","261,139","220,960","268,946","258,668","316,122","267,209","255,032","292,507","426,335","283,364"
SAJU,San Juan NHS,"1,229,590","1,279,814","1,328,802","1,382,906","1,532,818","1,456,553","1,188,780","910,405","1,197,345","357,100","1,186,411"
SAND,Sand Creek Massacre NHS,"3,935","4,384","4,795","7,402","5,887","6,847","6,535","6,006","5,701","4,215","5,571"
SAMO,Santa Monica Mountains NRA,"609,636","649,471","633,054","694,714","797,126","906,606","897,593","867,154","707,566","733,576","749,650"
SARA,Saratoga NHP,"65,043","57,688","54,364","58,773","65,010","102,808","97,781","135,444","145,118","73,825","85,585"
SAIR,Saugus Iron Works NHS,"11,121","11,611","8,154","11,181","9,327","11,159","12,256","10,660","8,150","16,928","11,055"
SCBL,Scotts Bluff NM,"128,811","122,515","108,127","119,159","131,122","130,085","152,560","142,028","166,007","181,900","138,231"
SEQU,Sequoia NP,"1,006,583","1,106,584","909,274","1,039,137","1,097,464","1,254,688","1,291,256","1,229,594","1,246,053","796,086","1,097,672"
SHEN,Shenandoah NP,"1,209,883","1,210,200","1,136,505","1,255,321","1,321,873","1,437,341","1,458,874","1,264,880","1,425,507","1,666,265","1,338,665"
SHIL,Shiloh NMP,"387,816","587,620","536,206","409,086","356,535","421,862","435,107","376,099","360,989","386,883","425,820"
SITK,Sitka NHP,"186,864","195,157","161,157","157,297","185,150","217,141","194,880","197,017","232,876","115,494","184,303"
SLBE,Sleeping Bear Dunes NL,"1,348,304","1,531,560","1,340,007","1,395,401","1,535,633","1,683,553","1,678,126","1,643,600","1,570,001","1,718,696","1,544,488"
SPAR,Springfield Armory NHS,"16,161","16,978","17,782","20,595","21,825","22,434","25,109","20,104","20,979","1,032","18,300"
STLI,Statue of Liberty NM,"3,749,982","3,029,443","1,883,544","4,198,815","4,279,020","4,501,547","4,441,988","4,335,431","4,240,461","576,396","3,523,663"
STEA,Steamtown NHS,"111,725","106,309","81,174","84,257","89,592","99,660","103,956","97,950","105,403","27,322","90,735"
STRI,Stones River NB,"187,208","260,537","258,242","272,499","264,925","346,213","230,562","266,503","284,516","301,270","267,248"
STON,Stonewall NM,,,,,,,"106,791","511,220","2,088,929",0,"676,735"
SUCR,Sunset Crater Volcano NM,"185,265","177,793","184,864","176,723","182,203","60,233","119,454","104,583","108,379","83,669","138,317"
TAPR,Tallgrass Prairie NPRES,"17,893","18,918","16,128","17,776","29,558","29,378","30,773","27,715","33,750","29,009","25,090"
THKO,Thaddeus Kosciuszko NMEM,"1,949","2,045","1,682","1,475","1,261","2,794","2,293","2,077","1,921",0,"1,750"
THRB,Theodore Roosevelt Birthplace NHS,"6,537","17,930","18,676","21,065","6,685","6,582","24,884","23,155","25,978","4,984","15,648"
THRI,Theodore Roosevelt Inaugural NHS,"17,107","18,875","19,198","22,025","24,896","29,199","28,585","27,508","26,994","5,098","21,949"
THIS,Theodore Roosevelt Island,"137,690","149,754","162,599","146,500","159,740","164,360","168,195","151,500","151,500","153,598","154,544"
THRO,Theodore Roosevelt NP,"563,407","640,555","545,090","559,580","580,033","753,880","708,003","749,389","691,658","551,303","634,290"
EDIS,Thomas Edison NHP,"55,284","52,554","46,677","51,344","56,317","57,694","59,323","47,297","42,224","7,605","47,632"
JEFM,Thomas Jefferson MEM,"1,945,696","2,613,131","2,609,463","2,708,607","3,102,442","3,414,345","3,366,571","3,198,859","3,096,895","852,626","2,690,864"
THST,Thomas Stone NHS,"6,351","6,426","6,013","5,843","5,772","10,652","10,250","8,254","8,020","2,351","6,993"
TICA,Timpanogos Cave NM,"96,965","118,764","91,269","95,679","104,023","91,261","100,740","121,311","103,512","92,481","101,601"
TIMU,Timucuan EHP,"1,028,922","1,076,310","1,031,667","1,121,318","1,239,423","1,148,494","1,218,306","1,134,857","1,205,065","1,017,373","1,122,174"
TONT,Tonto NM,"53,426","51,881","39,632","36,360","37,523","38,048","40,898","39,822","28,853","24,756","39,120"
TUMA,Tumacacori NHP,"33,740","35,158","31,433","38,017","42,146","43,829","46,308","40,810","39,704","23,726","37,487"
TUAI,Tuskegee Airmen NHS,"16,244","23,716","19,301","24,319","22,662","31,133","39,322","26,829","30,097","6,843","24,047"
TUIN,Tuskegee Institute NHS,"23,288","24,030","47,766","11,786","7,961","8,452","20,407","37,486","36,395","4,737","22,231"
TUZI,Tuzigoot NM,"101,104","97,388","85,746","74,903","95,065","104,604","109,388","98,090","98,538","78,358","94,318"
ULSG,Ulysses S. Grant NHS,"35,664","39,373","38,604","40,287","39,048","46,071","59,761","43,602","39,449","15,236","39,710"
UPDE,Upper Delaware S&RR,"270,390","255,586","228,464","230,845","243,246","264,362","253,537","220,966","215,537","250,198","243,313"
VALL,Valles Caldera NPRES,,,,,,,,,,"30,434","30,434"
VAFO,Valley Forge NHP,"1,303,046","1,442,750","1,962,889","1,990,881","2,143,965","2,428,724","2,159,592","1,881,362","2,259,944","2,012,832","1,958,599"
VAMA,Vanderbilt Mansion NHS,"367,680","423,107","372,569","398,447","431,961","387,856","360,436","340,870","326,822","217,231","362,698"
VICK,Vicksburg NMP,"796,035","573,262","573,838","550,874","532,444","508,914","475,074","474,387","576,456","176,236","523,752"
VIVE,Vietnam Veterans MEM,"4,020,127","4,424,407","4,142,721","4,403,467","5,597,077","5,299,713","5,072,589","4,719,148","4,580,587","1,585,525","4,384,536"
VIIS,Virgin Islands NP,"442,414","483,341","438,601","426,930","438,372","411,343","304,408","112,287","133,398","167,540","335,863"
VOYA,Voyageurs NP,"177,184","214,841","233,390","239,160","238,313","241,912","237,250","239,656","232,974","263,091","231,777"
WACO,Waco Mammoth NM,,,,,"20,551","69,510","101,792","106,932","111,331","46,457","76,096"
WACA,Walnut Canyon NM,"125,003","110,748","125,267","135,230","153,322","152,444","165,134","167,736","152,333","107,422","139,464"
WAPA,War in the Pacific NHP,"482,391","255,923","266,267","266,191","322,463","488,988","384,610","387,856","432,213","318,711","360,561"
WAMO,Washington Monument,"430,153",0,0,"423,170","493,550","252,677",0,0,"108,410","83,585","179,155"
WABA,Washita Battlefield NHS,"10,995","10,615","8,434","13,186","12,067","12,312","11,831","13,437","9,119","12,520","11,452"
WEFA,Weir Farm NHS,"22,415","21,465","22,862","34,082","47,220","39,079","38,096","35,382","38,700","25,430","32,473"
WHIS,Whiskeytown NRA,"761,710","814,374","776,025","851,901","843,845","875,565","832,063","585,768","687,159","805,295","783,371"
WHHO,White House,"1,356,208","1,257,032","889,692","1,293,314","1,429,424","1,600,631","1,917,638","1,521,711","1,170,028","484,052","1,291,973"
WHSA,White Sands NP,"428,924","447,385","490,544","503,660","497,506","555,793","612,468","603,008","608,785","415,383","516,346"
WHMI,Whitman Mission NHS,"57,611","60,785","57,686","58,499","39,525","50,148","47,757","49,274","48,481","34,933","50,470"
WIHO,William Howard Taft NHS,"21,141","19,416","21,102","23,609","24,385","30,723","37,425","30,202","32,396","11,100","25,150"
WICR,Wilson's Creek NB,"192,865","167,205","157,309","161,058","161,004","183,698","206,346","220,276","232,838","287,260","196,986"
WICA,Wind Cave NP,"538,394","529,083","516,142","547,022","612,198","617,377","619,924","656,397","615,350","448,405","570,029"
WOTR,Wolf Trap NP for the Performing Arts,"425,177","426,996","441,166","388,283","407,351","437,513","424,364","365,540","402,580","30,073","374,904"
WORI,Women's Rights NHP,"25,426","29,585","30,137","30,254","38,139","52,683","61,806","42,784","39,064","8,237","35,812"
WWII,World War II Memorial,"3,752,172","4,161,685","3,934,166","4,230,793","5,068,224","4,856,532","4,876,842","4,652,865","4,831,327","1,924,128","4,228,873"
WRST,Wrangell-St. Elias NP & PRES,"65,225","87,158","69,984","74,722","80,366","79,047","68,292","79,450","74,518","16,655","69,542"
WRBR,Wright Brothers NMEM,"445,455","466,816","447,796","430,517","437,184","458,776","414,244","360,669","400,135","277,963","413,956"
WUPA,Wupatki NM,"216,165","201,365","190,878","195,962","212,828","223,172","236,454","205,122","187,059","146,074","201,508"
YELL,Yellowstone NP,"3,394,326","3,447,729","3,188,030","3,513,484","4,097,710","4,257,177","4,116,524","4,115,000","4,020,288","3,806,306","3,795,657"
YOSE,Yosemite NP,"3,951,393","3,853,404","3,691,191","3,882,642","4,150,217","5,028,868","4,336,890","4,009,436","4,422,861","2,268,313","3,959,522"
YUCH,Yukon-Charley Rivers NPRES,"1,718","1,393","3,914","2,329","1,133","1,146",952,"1,272","1,114",666,"1,564"
ZION,Zion NP,"2,825,505","2,973,607","2,807,387","3,189,696","3,648,846","4,295,127","4,504,812","4,320,033","4,488,268","3,591,254","3,664,454"
,,,,,,,,,,,,
,,,,,,,,,,,,
